"","Id","Months_since_Last_Donation","Number_of_Donations","Total_Volume_Donated_cc","Months_since_First_Donation","Made_Donation_in_March_2007","predictedProbabilities","stdResiduals","studentResiduals","dfbeta.(Intercept)","dfbeta.Months_since_Last_Donation","dfbeta.Number_of_Donations","dfbeta.Months_since_First_Donation","dffit","leverage","cooksDistance"
"166",553,11, 6,1500,27,"Not_Donated",0.202825511,-0.6748968,-0.6742065,-1.327671e-03,-6.889113e-04,-4.382704e-04, 1.369046e-04,-0.047471947,0.004659524,2.991627e-04
"454", 57, 2, 1, 250, 2,"Not_Donated",0.327908386,-0.8955079,-0.8939516,-1.917791e-02, 5.861159e-04, 2.829368e-04, 2.436076e-04,-0.087743858,0.008994638,1.117109e-03
"235",567,14, 2, 500,14,"Not_Donated",0.120359867,-0.5080001,-0.5072744,-1.642332e-03,-6.758322e-04, 4.213260e-05, 1.025767e-04,-0.040970715,0.006119667,2.119221e-04
"506",312,14, 8,2000,50,"Not_Donated",0.135349572,-0.5407463,-0.5400855, 2.794927e-03,-5.914844e-04, 4.218317e-05,-6.469242e-05,-0.040530115,0.005289370,2.092025e-04
"538", 95,14, 3, 750,35,"Not_Donated",0.091648813,-0.4393927,-0.4389504, 3.036750e-05,-4.086181e-04, 4.229695e-04,-5.830713e-05,-0.029447591,0.004234402,1.077187e-04
"28",175, 4,10,2500,28,"Donated",0.475240530, 1.2259919, 1.2243936, 8.795282e-03,-2.503409e-04, 3.318293e-03,-5.729999e-04, 0.127498937,0.010104525,2.846584e-03
"300",599,11, 4,1000,59,"Not_Donated",0.085256509,-0.4235536,-0.4228917, 5.152409e-04,-8.779733e-05, 8.818609e-04,-2.209939e-04,-0.035335717,0.006546571,1.545564e-04
"508",636,14, 7,1750,45,"Not_Donated",0.130256135,-0.5295992,-0.5290029, 2.020119e-03,-5.877743e-04, 7.811968e-05,-4.442848e-05,-0.038029608,0.004857193,1.836375e-04
"312",126,14, 5,1250,64,"Not_Donated",0.067894606,-0.3761441,-0.3755891, 1.456324e-03,-2.006148e-04, 6.464235e-04,-1.727440e-04,-0.030327955,0.006117964,1.127840e-04
"259", 20,16, 6,1500,35,"Donated",0.116321767, 2.0805806, 2.0853632,-6.940281e-03, 3.084328e-03, 4.372145e-04,-1.685428e-04, 0.167120869,0.006012155,1.155690e-02
"541",109,16, 3, 750,35,"Not_Donated",0.076739505,-0.4005427,-0.4000955, 5.412081e-04,-4.487306e-04, 3.265096e-04,-3.889952e-05,-0.028148922,0.004654516,9.762511e-05
"256",260,14, 4,1000,28,"Donated",0.120491754, 2.0621774, 2.0657283, 5.269362e-04, 2.480013e-03,-4.413162e-04,-1.170884e-04, 0.147227813,0.004756563,8.763088e-03
"381",560,16, 2, 500,70,"Not_Donated",0.032173616,-0.2564950,-0.2561261, 7.831879e-04,-1.089819e-04, 5.210034e-04,-1.229052e-04,-0.020210746,0.005845650,4.915499e-05
"321", 87,16, 1, 250,16,"Not_Donated",0.084732476,-0.4220432,-0.4214533,-7.133818e-04,-5.690006e-04, 1.918010e-04, 4.551438e-05,-0.033282658,0.005853682,1.370788e-04
"60",144, 2, 4,1000,16,"Not_Donated",0.362816314,-0.9523392,-0.9512644,-1.585573e-02, 7.540100e-04,-7.558840e-05, 1.550134e-04,-0.076902601,0.006125406,8.827422e-04
"505",442, 4, 2, 500,31,"Not_Donated",0.199317671,-0.6688104,-0.6679132,-7.303700e-03, 4.407839e-04, 1.370457e-03,-2.397377e-04,-0.053832824,0.006092747,3.838371e-04
"139", 88, 2, 1, 250, 2,"Not_Donated",0.327908386,-0.8955079,-0.8939516,-1.917791e-02, 5.861159e-04, 2.829368e-04, 2.436076e-04,-0.087743858,0.008994638,1.117109e-03
"26",330, 1,14,3500,58,"Not_Donated",0.537555114,-1.2521766,-1.2496662,-1.566585e-03, 1.735568e-03,-2.371535e-03,-1.402152e-04,-0.165705281,0.016257160,4.881851e-03
"184",615, 8,10,2500,63,"Not_Donated",0.222711977,-0.7124141,-0.7113097, 2.771345e-03, 3.051706e-05, 3.705033e-04,-3.025874e-04,-0.062297891,0.007182373,5.219520e-04
"531",566,16, 6,1500,50,"Not_Donated",0.086684985,-0.4269452,-0.4264239, 1.969798e-03,-4.694582e-04, 2.921988e-04,-8.002754e-05,-0.031478906,0.005120562,1.227552e-04
"495", 10,14, 2, 500,14,"Not_Donated",0.120359867,-0.5080001,-0.5072744,-1.642332e-03,-6.758322e-04, 4.213260e-05, 1.025767e-04,-0.040970715,0.006119667,2.119221e-04
"383",295,23, 4,1000,87,"Not_Donated",0.015573762,-0.1775786,-0.1773808, 9.797880e-04,-1.169619e-04, 2.542289e-04,-6.618164e-05,-0.012251681,0.004488119,1.791108e-05
"353",602,21, 1, 250,21,"Not_Donated",0.048646342,-0.3167787,-0.3163092, 5.472328e-04,-4.816826e-04, 1.345898e-04, 2.173675e-05,-0.025455793,0.006077857,7.864914e-05
"549",532,23, 2, 500,23,"Not_Donated",0.044895123,-0.3041238,-0.3036232, 9.730009e-04,-5.100310e-04, 5.493765e-05, 3.134503e-05,-0.025736924,0.006736305,8.023811e-05
"361",333,21, 4,1000,52,"Not_Donated",0.039563287,-0.2848502,-0.2845016, 1.429326e-03,-3.332142e-04, 2.574284e-04,-5.343428e-05,-0.020738735,0.004994744,5.195485e-05
"392",190, 4, 4,1000, 4,"Donated",0.378637553, 1.4004654, 1.3994154, 2.353689e-02,-6.091960e-05, 1.980967e-03,-7.955834e-04, 0.142470077,0.009662739,4.041991e-03
"298",704,14, 7,1750,73,"Not_Donated",0.075214226,-0.3969049,-0.3962107, 2.360911e-03,-2.059513e-04, 6.498807e-04,-2.058356e-04,-0.034935326,0.007282160,1.502476e-04
"325",558,21, 2, 500,23,"Not_Donated",0.053979278,-0.3342227,-0.3336966, 8.011236e-04,-5.371261e-04, 8.662967e-05, 3.039347e-05,-0.027724852,0.006473974,9.355756e-05
"159",113, 9, 9,2250,45,"Not_Donated",0.248315114,-0.7571709,-0.7564940, 9.115807e-04,-3.626582e-04,-4.427802e-04,-2.470435e-05,-0.050809450,0.004241351,3.532673e-04
"82",424, 4, 8,2000,34,"Donated",0.369012883, 1.4153104, 1.4148447, 1.056845e-02,-6.609044e-04, 1.155519e-03,-1.054204e-04, 0.099319242,0.004620864,1.993724e-03
"526",418,20,14,3500,69,"Donated",0.126672123, 2.0476381, 2.0574914,-3.275038e-02, 4.155303e-03, 2.820288e-03,-4.876589e-06, 0.255882222,0.014433058,2.561075e-02
"492", 91,10, 5,1250,38,"Not_Donated",0.159103045,-0.5896677,-0.5892303,-1.010256e-03,-2.986018e-04, 4.364704e-04,-9.105365e-05,-0.034696998,0.003266105,1.555061e-04
"374",110,23, 1, 250,23,"Not_Donated",0.038763329,-0.2820349,-0.2816225, 7.441851e-04,-4.332610e-04, 1.149800e-04, 1.587596e-05,-0.022449578,0.005964454,6.085519e-05
"433",200, 4,16,4000,98,"Donated",0.330503354, 1.5127244, 1.5106381,-1.753505e-02,-2.103484e-03,-1.129358e-03, 1.528783e-03, 0.285030886,0.032363276,1.750412e-02
"16",191, 2,15,3750,49,"Donated",0.599428507, 1.0209332, 1.0177411, 9.570531e-04,-8.590811e-04, 3.528041e-03,-2.927198e-04, 0.142144614,0.017986572,3.115991e-03
"258", 32,14, 7,1750,47,"Not_Donated",0.125394851,-0.5189106,-0.5183266, 2.084860e-03,-5.502805e-04, 1.460426e-04,-6.387802e-05,-0.037187240,0.004837926,1.750972e-04
"411",259, 2, 6,1500,26,"Not_Donated",0.383504845,-0.9862840,-0.9853160,-1.298125e-02, 8.860089e-04,-2.808778e-04, 6.597503e-05,-0.075424151,0.005496168,8.642279e-04
"118",472, 6, 3, 750,14,"Not_Donated",0.257221217,-0.7728451,-0.7721488,-9.288755e-03,-9.544654e-05, 3.837132e-05, 1.503944e-04,-0.052295501,0.004312123,3.765581e-04
"172",580, 4, 1, 250, 4,"Not_Donated",0.277860906,-0.8097229,-0.8085663,-1.448287e-02, 1.820136e-04, 2.936333e-04, 2.000486e-04,-0.069805966,0.006979661,6.808707e-04
"125", 90, 2, 1, 250, 2,"Not_Donated",0.327908386,-0.8955079,-0.8939516,-1.917791e-02, 5.861159e-04, 2.829368e-04, 2.436076e-04,-0.087743858,0.008994638,1.117109e-03
"78",476, 4, 2, 500, 4,"Not_Donated",0.309631394,-0.8640313,-0.8627760,-1.524446e-02, 1.455956e-04,-1.722309e-04, 3.026863e-04,-0.076486710,0.007354908,8.369379e-04
"222", 36,11, 8,2000,48,"Not_Donated",0.179444755,-0.6302623,-0.6296652, 1.704526e-03,-4.386044e-04, 5.516940e-05,-8.943207e-05,-0.042255117,0.004235486,2.335355e-04
"221",457,14,18,4500,78,"Not_Donated",0.282427879,-0.8245283,-0.8205489, 1.650278e-02,-1.213097e-03,-2.399239e-03,-2.364534e-06,-0.131982808,0.023657284,2.441981e-03
"197",519, 2, 6,1500,75,"Not_Donated",0.176082428,-0.6295776,-0.6263657,-1.807789e-03, 1.011098e-03, 2.298546e-03,-6.928437e-04,-0.098639624,0.022701935,1.269934e-03
"83",155, 4, 9,2250,40,"Not_Donated",0.374250016,-0.9708455,-0.9699252,-5.311975e-03, 5.244516e-04,-7.972638e-04,-3.409002e-06,-0.072432112,0.005233006,7.906959e-04
"75",445, 2, 7,1750,35,"Donated",0.373393803, 1.4076831, 1.4070865, 1.477382e-02,-1.456322e-03,-1.870401e-05, 1.415725e-04, 0.109934854,0.005716953,2.426119e-03
"536",627,14, 1, 250,14,"Not_Donated",0.105054766,-0.4724778,-0.4718542,-1.696133e-03,-5.722879e-04, 2.165241e-04, 6.005378e-05,-0.036435850,0.005598437,1.661508e-04
"246",261, 4, 2, 500,29,"Not_Donated",0.206368572,-0.6818544,-0.6810027,-7.762533e-03, 4.288824e-04, 1.301505e-03,-2.137412e-04,-0.053106413,0.005706712,3.752508e-04
"141", 61, 2, 1, 250, 2,"Not_Donated",0.327908386,-0.8955079,-0.8939516,-1.917791e-02, 5.861159e-04, 2.829368e-04, 2.436076e-04,-0.087743858,0.008994638,1.117109e-03
"452",484, 2, 1, 250, 2,"Not_Donated",0.327908386,-0.8955079,-0.8939516,-1.917791e-02, 5.861159e-04, 2.829368e-04, 2.436076e-04,-0.087743858,0.008994638,1.117109e-03
"558",450,21, 3, 750,40,"Not_Donated",0.043894191,-0.3003969,-0.3000186, 1.179795e-03,-3.960230e-04, 2.096014e-04,-2.666175e-05,-0.022214503,0.005152121,5.974668e-05
"232",102,11, 5,1250,35,"Not_Donated",0.154933746,-0.5812309,-0.5807806,-7.289289e-04,-4.247086e-04, 2.670264e-04,-4.018191e-05,-0.034900289,0.003400737,1.569377e-04
"419",106, 1,14,3500,95,"Not_Donated",0.341579743,-0.9317404,-0.9251390, 5.524149e-03, 2.032566e-03, 1.724163e-03,-1.118225e-03,-0.188441581,0.037224870,5.208497e-03
"66", 66, 2, 2, 500, 4,"Not_Donated",0.352512047,-0.9364191,-0.9349072,-1.925148e-02, 6.047430e-04,-6.994842e-05, 2.965424e-04,-0.089883491,0.008633546,1.195647e-03
"292",225,14, 1, 250,14,"Not_Donated",0.105054766,-0.4724778,-0.4718542,-1.696133e-03,-5.722879e-04, 2.165241e-04, 6.005378e-05,-0.036435850,0.005598437,1.661508e-04
"109", 35, 2,11,2750,88,"Not_Donated",0.257250853,-0.7825649,-0.7778499, 2.283724e-03, 1.423349e-03, 2.069916e-03,-9.107730e-04,-0.138471740,0.028761796,2.640093e-03
"68",380, 2, 4,1000,16,"Not_Donated",0.362816314,-0.9523392,-0.9512644,-1.585573e-02, 7.540100e-04,-7.558840e-05, 1.550134e-04,-0.076902601,0.006125406,8.827422e-04
"550",338,23, 6,1500,45,"Not_Donated",0.050971373,-0.3245827,-0.3240415, 2.238567e-03,-5.426259e-04, 3.159169e-05,-1.915427e-06,-0.027693701,0.006846353,9.319946e-05
"464",497,14, 8,2000,26,"Not_Donated",0.208968105,-0.6883449,-0.6867625, 1.546682e-03,-1.217708e-03,-1.322289e-03, 3.143758e-04,-0.072969385,0.010520289,7.096430e-04
"194",219, 7,12,3000,86,"Not_Donated",0.206195404,-0.6854444,-0.6828868, 5.486325e-03, 3.948942e-04, 1.015840e-03,-5.759408e-04,-0.092735125,0.017023272,1.144095e-03
"342",420,23,12,3000,86,"Not_Donated",0.052221083,-0.3290247,-0.3282928, 4.281113e-03,-4.743387e-04, 1.059542e-04,-9.557086e-05,-0.032469562,0.009137717,1.282006e-04
"51",479, 3, 6,1500,21,"Not_Donated",0.386371673,-0.9910535,-0.9900750,-1.285998e-02, 5.389255e-04,-8.456440e-04, 2.371700e-04,-0.076191584,0.005554280,8.841084e-04
"198",400,11, 8,2000,41,"Donated",0.203026905, 1.7895848, 1.7904740,-3.059818e-03, 1.545267e-03, 8.725540e-04,-4.229984e-05, 0.121339559,0.004302840,4.259226e-03
"142",359,11,10,2500,35,"Not_Donated",0.282894796,-0.8191969,-0.8177012, 1.996854e-03,-1.000963e-03,-1.821261e-03, 3.097744e-04,-0.080133378,0.008967805,9.005186e-04
"418", 24, 4, 2, 500, 4,"Donated",0.309631394, 1.5369186, 1.5366411, 2.711649e-02,-2.589821e-04, 3.063602e-04,-5.384112e-04, 0.136314721,0.007354908,4.160689e-03
"229",616,14, 3, 750,19,"Donated",0.125121999, 2.0446628, 2.0486141, 4.166726e-03, 2.697215e-03,-3.009577e-05,-3.517721e-04, 0.159470182,0.005672261,1.002885e-02
"414",489, 2, 6,1500,26,"Donated",0.383504845, 1.3883081, 1.3876924, 1.827260e-02,-1.247159e-03, 3.953678e-04,-9.286744e-05, 0.106288876,0.005496168,2.233294e-03
"509",559,15, 5,1250,33,"Not_Donated",0.115019498,-0.4956154,-0.4950221, 8.549785e-04,-6.462415e-04, 4.900745e-05, 1.923233e-05,-0.036508110,0.005110354,1.677563e-04
"404",258, 1,10,2500,43,"Donated",0.466190494, 1.2412437, 1.2397974, 9.673125e-03,-1.613124e-03, 1.183285e-03, 7.938474e-05, 0.123949742,0.009323070,2.719304e-03
"223", 76,14,16,4000,70,"Not_Donated",0.256446186,-0.7767694,-0.7738734, 1.273216e-02,-1.141458e-03,-1.901789e-03, 2.458268e-05,-0.107532962,0.017803903,1.591266e-03
"380",305,21, 3, 750,64,"Not_Donated",0.026483461,-0.2322270,-0.2319630, 1.072395e-03,-1.973181e-04, 3.111239e-04,-7.094868e-05,-0.016234511,0.004607146,3.162382e-05
"316",236,16, 1, 250,16,"Not_Donated",0.084732476,-0.4220432,-0.4214533,-7.133818e-04,-5.690006e-04, 1.918010e-04, 4.551438e-05,-0.033282658,0.005853682,1.370788e-04
"356",525,21, 1, 250,21,"Donated",0.048646342, 2.4664409, 2.4831323,-4.260759e-03, 3.750384e-03,-1.047917e-03,-1.692425e-04, 0.199621148,0.006077857,3.007998e-02
"2",664, 0,13,3250,28,"Donated",0.678807840, 0.8891932, 0.8857208, 7.815837e-03,-8.227136e-04, 3.587467e-03,-5.692329e-04, 0.130713686,0.020021251,2.466130e-03
"238",575,14, 6,1500,34,"Not_Donated",0.140384444,-0.5514487,-0.5507992, 9.888666e-04,-7.057242e-04,-1.123331e-04, 4.188069e-05,-0.040644306,0.005115505,2.110075e-04
"111",594, 2, 5,1250,37,"Not_Donated",0.295711948,-0.8401608,-0.8390297,-9.377960e-03, 9.623491e-04, 1.119716e-03,-2.847293e-04,-0.070997059,0.006707263,7.135910e-04
"190",264, 4, 3, 750,25,"Donated",0.248527064, 1.6722677, 1.6725779, 2.018921e-02,-8.857471e-04,-1.916052e-03, 2.337127e-04, 0.113516491,0.004316945,3.291653e-03
"305",601,21, 2, 500,21,"Donated",0.056250000, 2.4073786, 2.4230661,-5.440598e-03, 3.998211e-03,-4.077901e-04,-2.912538e-04, 0.206525532,0.006828265,2.903596e-02
"176",415, 4, 1, 250, 4,"Donated",0.277860906, 1.6060111, 1.6060935, 2.872544e-02,-3.610072e-04,-5.823947e-04,-3.967781e-04, 0.138771238,0.006979661,4.598874e-03
"57",146, 4, 7,1750,25,"Not_Donated",0.379077063,-0.9787730,-0.9778729,-9.901415e-03, 3.214637e-04,-1.094755e-03, 2.373351e-04,-0.072191850,0.005114900,7.887169e-04
"122",556, 2, 7,1750,58,"Donated",0.265185613, 1.6399359, 1.6403998, 9.080906e-03,-2.349444e-03,-3.460602e-03, 1.174875e-03, 0.193376183,0.012917130,9.183887e-03
"329",516,14, 5,1250,74,"Not_Donated",0.055329278,-0.3386324,-0.3380339, 1.502088e-03,-1.273494e-04, 6.887160e-04,-1.888848e-04,-0.029789445,0.007274761,1.080874e-04
"206",578, 4, 4,1000,41,"Not_Donated",0.213811583,-0.6958792,-0.6949008,-5.646144e-03, 5.282485e-04, 1.343628e-03,-3.133831e-04,-0.057707389,0.006464269,4.452430e-04
"388",677, 6,22,5500,28,"Donated",0.824349917, 0.6381586, 0.6307632,-2.933758e-03, 5.533038e-04, 5.111533e-03,-8.700765e-04, 0.152682224,0.051384279,3.041770e-03
"52",444, 2, 8,2000,35,"Donated",0.409887458, 1.3397262, 1.3389254, 1.313015e-02,-1.319079e-03, 7.990051e-04, 1.334422e-06, 0.108924929,0.006195980,2.257973e-03
"213",702,13, 4,1000,21,"Not_Donated",0.149537094,-0.5707194,-0.5700093,-1.221931e-03,-7.196724e-04,-1.315048e-04, 1.130980e-04,-0.043383616,0.005439286,2.417201e-04
"482",561, 7,11,2750,89,"Not_Donated",0.172690126,-0.6214003,-0.6188685, 4.513465e-03, 4.008593e-04, 1.299885e-03,-5.801780e-04,-0.086710018,0.018092899,9.792795e-04
"437",147, 4, 6,1500,35,"Donated",0.296344478, 1.5626718, 1.5625994, 1.328379e-02,-9.200564e-04,-7.076738e-04, 2.271434e-04, 0.100516154,0.003881182,2.321908e-03
"542",197,16, 1, 250,16,"Not_Donated",0.084732476,-0.4220432,-0.4214533,-7.133818e-04,-5.690006e-04, 1.918010e-04, 4.551438e-05,-0.033282658,0.005853682,1.370788e-04
"87",271, 2, 3, 750,14,"Not_Donated",0.337868748,-0.9109411,-0.9098461,-1.603044e-02, 7.277085e-04, 2.857409e-04, 1.099463e-04,-0.074620896,0.006303451,8.143569e-04
"65",490, 2, 4,1000,16,"Donated",0.362816314, 1.4283607, 1.4277749, 2.378112e-02,-1.130898e-03, 1.133708e-04,-2.324960e-04, 0.115497642,0.006125406,2.722636e-03
"315",184,16, 1, 250,16,"Not_Donated",0.084732476,-0.4220432,-0.4214533,-7.133818e-04,-5.690006e-04, 1.918010e-04, 4.551438e-05,-0.033282658,0.005853682,1.370788e-04
"167",517,11, 3, 750,14,"Not_Donated",0.175805086,-0.6235535,-0.6227899,-3.659134e-03,-6.518813e-04,-1.359856e-04, 1.622205e-04,-0.047489027,0.005458850,2.943047e-04
"504",209,16,16,4000,77,"Not_Donated",0.196079298,-0.6664565,-0.6639176, 1.196251e-02,-1.063821e-03,-1.172660e-03,-6.963189e-05,-0.090731391,0.017234690,1.088084e-03
"155",238, 2, 2, 500,14,"Not_Donated",0.304478743,-0.8549532,-0.8538474,-1.533811e-02, 7.186247e-04, 7.489372e-04, 1.936868e-05,-0.071165064,0.006508776,7.217019e-04
"92",279, 2,12,3000,82,"Not_Donated",0.315133896,-0.8809035,-0.8766799, 2.467767e-03, 1.524271e-03, 1.448200e-03,-8.502294e-04,-0.143246892,0.024390984,2.947862e-03
"373",554,23, 1, 250,23,"Not_Donated",0.038763329,-0.2820349,-0.2816225, 7.441851e-04,-4.332610e-04, 1.149800e-04, 1.587596e-05,-0.022449578,0.005964454,6.085519e-05
"47",332, 4, 5,1250,14,"Donated",0.363518294, 1.4270532, 1.4264563, 1.977828e-02,-2.940019e-04, 1.435892e-03,-5.232536e-04, 0.116111744,0.006201646,2.748591e-03
"572",698,23, 1, 250,23,"Not_Donated",0.038763329,-0.2820349,-0.2816225, 7.441851e-04,-4.332610e-04, 1.149800e-04, 1.587596e-05,-0.022449578,0.005964454,6.085519e-05
"243",121,12, 9,2250,60,"Not_Donated",0.151173373,-0.5742182,-0.5734518, 3.300958e-03,-3.854580e-04, 2.719169e-04,-1.752149e-04,-0.045241296,0.005840800,2.631218e-04
"284",137,11, 2, 500,26,"Not_Donated",0.123473647,-0.5143764,-0.5139209,-2.095176e-03,-3.445705e-04, 5.304268e-04,-4.354268e-05,-0.032663191,0.003802489,1.349356e-04
"547",577,11, 4,1000,74,"Not_Donated",0.062970607,-0.3623129,-0.3615186, 9.127341e-04,-2.460622e-06, 9.292561e-04,-2.456580e-04,-0.035603001,0.009060611,1.550201e-04
"231",727,11, 4,1000,28,"Not_Donated",0.154852252,-0.5811105,-0.5806394,-1.689257e-03,-4.656994e-04, 2.246345e-04, 6.655306e-06,-0.035698436,0.003558971,1.641898e-04
"451",635, 2, 1, 250, 2,"Not_Donated",0.327908386,-0.8955079,-0.8939516,-1.917791e-02, 5.861159e-04, 2.829368e-04, 2.436076e-04,-0.087743858,0.008994638,1.117109e-03
"228",598, 4, 2, 500,23,"Not_Donated",0.228618488,-0.7222878,-0.7215284,-9.256701e-03, 3.846392e-04, 1.055481e-03,-1.233952e-04,-0.052100169,0.004898097,3.665004e-04
"420",255, 2, 3, 750,11,"Not_Donated",0.352654158,-0.9358407,-0.9346324,-1.717806e-02, 6.915418e-04, 2.027229e-05, 1.963690e-04,-0.080271577,0.006906321,9.537158e-04
"430",313,14, 5,1250,14,"Not_Donated",0.178101287,-0.6294325,-0.6280411,-1.112496e-03,-1.085916e-03,-8.360968e-04, 2.987894e-04,-0.064590763,0.009866610,5.452169e-04
"475",136, 4, 7,1750,62,"Not_Donated",0.214125700,-0.6982367,-0.6964861,-1.740700e-03, 7.004941e-04, 1.525943e-03,-5.075739e-04,-0.077503924,0.011522490,8.032828e-04
"192",706, 9, 2, 500,11,"Not_Donated",0.191693448,-0.6540333,-0.6533112,-5.978799e-03,-4.546498e-04, 8.333561e-05, 1.457217e-04,-0.047583340,0.004983558,2.984353e-04
"70",485, 2, 4,1000,16,"Not_Donated",0.362816314,-0.9523392,-0.9512644,-1.585573e-02, 7.540100e-04,-7.558840e-05, 1.550134e-04,-0.076902601,0.006125406,8.827422e-04
"436",331, 4, 9,2250,55,"Not_Donated",0.301304382,-0.8500608,-0.8487648,-2.073040e-03, 7.146787e-04, 5.430709e-04,-3.616169e-04,-0.076721454,0.007643570,8.367935e-04
"527",130, 4, 2, 500,46,"Not_Donated",0.152176461,-0.5775421,-0.5762015,-4.435160e-03, 4.914015e-04, 1.708375e-03,-3.775947e-04,-0.060149364,0.010161443,4.653810e-04
"30",340, 2, 8,2000,28,"Donated",0.447247255, 1.2730825, 1.2720386, 1.439278e-02,-1.056703e-03, 1.680845e-03,-2.703688e-04, 0.110558473,0.007065752,2.214321e-03
"439", 41, 2, 6,1500,47,"Not_Donated",0.282399044,-0.8183597,-0.8168588,-6.890345e-03, 1.050704e-03, 1.379359e-03,-4.239944e-04,-0.080209082,0.009002861,9.018949e-04
"331",543,16, 3, 750,40,"Not_Donated",0.069362901,-0.3800427,-0.3796238, 6.831106e-04,-3.834125e-04, 3.950411e-04,-6.479015e-05,-0.026475456,0.004574276,8.601843e-05
"67",448, 2, 2, 500, 4,"Not_Donated",0.352512047,-0.9364191,-0.9349072,-1.925148e-02, 6.047430e-04,-6.994842e-05, 2.965424e-04,-0.089883491,0.008633546,1.195647e-03
"252",324,14, 8,2000,50,"Donated",0.135349572, 2.0052575, 2.0084219,-1.036447e-02, 2.193410e-03,-1.564285e-04, 2.398998e-04, 0.150968102,0.005289370,8.537567e-03
"438",203, 2, 6,1500,45,"Not_Donated",0.291319634,-0.8333359,-0.8319446,-7.382635e-03, 1.043433e-03, 1.261078e-03,-3.891698e-04,-0.078284456,0.008276099,8.647757e-04
"267",159,11, 1, 250,11,"Not_Donated",0.143548388,-0.5581605,-0.5574903,-3.945907e-03,-5.116329e-04, 2.522017e-04, 8.913150e-05,-0.041584287,0.005226172,2.212944e-04
"185",494, 4, 2, 500,14,"Not_Donated",0.265049210,-0.7867453,-0.7859377,-1.184668e-02, 2.916346e-04, 5.651380e-04, 5.012721e-05,-0.057065790,0.004951416,4.508677e-04
"294",708,14, 1, 250,14,"Not_Donated",0.105054766,-0.4724778,-0.4718542,-1.696133e-03,-5.722879e-04, 2.165241e-04, 6.005378e-05,-0.036435850,0.005598437,1.661508e-04
"146",432, 4, 4,1000,26,"Donated",0.273878269, 1.6124986, 1.6125718, 1.852179e-02,-8.166707e-04,-1.163280e-03, 1.285928e-04, 0.103311654,0.003849264,2.571103e-03
"140",589, 2, 1, 250, 2,"Not_Donated",0.327908386,-0.8955079,-0.8939516,-1.917791e-02, 5.861159e-04, 2.829368e-04, 2.436076e-04,-0.087743858,0.008994638,1.117109e-03
"101",172, 2, 5,1250,33,"Donated",0.314194111, 1.5261621, 1.5259051, 1.845371e-02,-1.642469e-03,-1.484521e-03, 3.522427e-04, 0.120875911,0.005874259,3.243498e-03
"483", 55, 8, 9,2250,64,"Not_Donated",0.193880485,-0.6590036,-0.6579163, 2.077733e-03, 7.504914e-05, 7.026757e-04,-3.356570e-04,-0.058728451,0.007458689,4.552396e-04
"443",351, 9, 9,2250,38,"Not_Donated",0.277882962,-0.8089341,-0.8081150,-3.956024e-06,-5.225720e-04,-1.012717e-03, 1.279710e-04,-0.058661271,0.004948658,4.808292e-04
"71",630, 2, 6,1500,28,"Donated",0.373248154, 1.4077141, 1.4071547, 1.788427e-02,-1.322632e-03, 1.184252e-04,-1.024753e-05, 0.106500204,0.005366959,2.277406e-03
"43",377, 2, 2, 500, 2,"Not_Donated",0.362528516,-0.9534379,-0.9517839,-2.009856e-02, 5.760955e-04,-2.607842e-04, 3.601998e-04,-0.095574963,0.009408073,1.363115e-03
"485",443,11,16,4000,89,"Not_Donated",0.233605005,-0.7362501,-0.7333582, 1.180352e-02,-3.015593e-04,-3.914819e-04,-3.871518e-04,-0.103507848,0.018354049,1.451415e-03
"307",724,16, 8,2000,76,"Not_Donated",0.068165990,-0.3771404,-0.3764793, 2.887038e-03,-2.802431e-04, 5.047969e-04,-1.757449e-04,-0.033161736,0.007267652,1.348649e-04
"275",735, 9, 2, 500,26,"Not_Donated",0.146026596,-0.5628989,-0.5624326,-3.421838e-03,-2.090099e-04, 6.775589e-04,-7.004849e-05,-0.034839629,0.003612667,1.555605e-04
"397",226, 3, 5,1250,12,"Donated",0.396611704, 1.3651111, 1.3642052, 2.140589e-02,-5.519603e-04, 1.581273e-03,-5.594654e-04, 0.122010939,0.007476837,2.886742e-03
"297",234, 9, 3, 750,52,"Not_Donated",0.101581547,-0.4643942,-0.4636700,-7.100975e-04, 6.703408e-06, 1.056258e-03,-2.441895e-04,-0.038902383,0.006599651,1.890377e-04
"548",118,21, 6,1500,48,"Not_Donated",0.057553699,-0.3453888,-0.3448684, 2.228770e-03,-5.204396e-04, 1.073841e-04,-2.460646e-05,-0.028056046,0.006209384,9.598766e-05
"230",634,16,12,3000,50,"Not_Donated",0.192277922,-0.6576110,-0.6557988, 7.033949e-03,-1.230773e-03,-1.301718e-03, 1.479601e-04,-0.075861253,0.012435454,7.588189e-04
"290", 25,14, 1, 250,14,"Not_Donated",0.105054766,-0.4724778,-0.4718542,-1.696133e-03,-5.722879e-04, 2.165241e-04, 6.005378e-05,-0.036435850,0.005598437,1.661508e-04
"359", 69,21, 5,1250,60,"Not_Donated",0.038766219,-0.2819366,-0.2815775, 1.671751e-03,-3.133866e-04, 2.745083e-04,-6.784469e-05,-0.020936518,0.005195199,5.292866e-05
"343", 42,21, 3, 750,35,"Not_Donated",0.048703998,-0.3168883,-0.3164588, 1.171554e-03,-4.552731e-04, 1.621542e-04,-8.664531e-06,-0.024345892,0.005558465,7.194246e-05
"429", 86, 4, 6,1500,30,"Not_Donated",0.319571021,-0.8791556,-0.8785229,-8.449856e-03, 4.310499e-04,-1.508691e-05,-5.026617e-06,-0.055013885,0.003688513,4.363004e-04
"467", 80, 4, 1, 250, 4,"Not_Donated",0.277860906,-0.8097229,-0.8085663,-1.448287e-02, 1.820136e-04, 2.936333e-04, 2.000486e-04,-0.069805966,0.006979661,6.808707e-04
"137",220, 2, 1, 250, 2,"Not_Donated",0.327908386,-0.8955079,-0.8939516,-1.917791e-02, 5.861159e-04, 2.829368e-04, 2.436076e-04,-0.087743858,0.008994638,1.117109e-03
"178",746, 4, 3, 750,24,"Not_Donated",0.252621590,-0.7647582,-0.7640754,-9.415751e-03, 3.914575e-04, 8.126279e-04,-8.711664e-05,-0.051395123,0.004253840,3.625383e-04
"6",335, 4, 4,1000, 4,"Not_Donated",0.378637553,-0.9802892,-0.9785842,-1.647521e-02, 4.264213e-05,-1.386626e-03, 5.568876e-04,-0.099606661,0.009662739,1.500903e-03
"81",506, 4, 9,2250,38,"Donated",0.384517347, 1.3862878, 1.3856858, 8.164826e-03,-6.886690e-04, 1.422151e-03,-7.772720e-05, 0.104600004,0.005339333,2.159618e-03
"362",370,22, 1, 250,22,"Donated",0.043437308, 2.5121623, 2.5311222,-5.556015e-03, 3.847405e-03,-1.046431e-03,-1.563333e-04, 0.202653524,0.006034934,3.362953e-02
"545",198,16, 1, 250,16,"Not_Donated",0.084732476,-0.4220432,-0.4214533,-7.133818e-04,-5.690006e-04, 1.918010e-04, 4.551438e-05,-0.033282658,0.005853682,1.370788e-04
"104",731, 4, 8,2000,46,"Donated",0.310430429, 1.5336726, 1.5334656, 7.579817e-03,-1.092199e-03,-5.518211e-04, 4.120132e-04, 0.115788670,0.005340122,2.997476e-03
"35",336, 2, 5,1250,16,"Not_Donated",0.398934350,-1.0124225,-1.0112361,-1.629189e-02, 7.484924e-04,-6.968342e-04, 2.700095e-04,-0.085724393,0.006728773,1.131670e-03
"106",145, 2, 2, 500,10,"Donated",0.323257345, 1.5081738, 1.5077866, 2.863639e-02,-1.154366e-03,-7.617993e-04,-2.077195e-04, 0.130679838,0.007023338,3.728040e-03
"311",743,16, 3, 750,34,"Not_Donated",0.078298693,-0.4047679,-0.4043126, 5.085224e-04,-4.628431e-04, 3.106370e-04,-3.301588e-05,-0.028563677,0.004692935,1.006085e-04
"358",302,21, 1, 250,21,"Not_Donated",0.048646342,-0.3167787,-0.3163092, 5.472328e-04,-4.816826e-04, 1.345898e-04, 2.173675e-05,-0.025455793,0.006077857,7.864914e-05
"211",707,11, 8,2000,46,"Not_Donated",0.185955919,-0.6428092,-0.6422130, 1.562726e-03,-4.773460e-04,-4.585756e-05,-6.185875e-05,-0.042750439,0.004167899,2.400198e-04
"165",434, 2, 7,1750,76,"Not_Donated",0.195970982,-0.6681145,-0.6647584,-1.417627e-03, 1.094221e-03, 2.265498e-03,-7.275622e-04,-0.104702456,0.022709906,1.448867e-03
"105",544, 4, 8,2000,48,"Donated",0.301173338, 1.5537422, 1.5535927, 7.045773e-03,-1.165274e-03,-8.479884e-04, 5.013237e-04, 0.122175164,0.005789378,3.397567e-03
"49",612, 4, 8,2000,26,"Donated",0.410471163, 1.3387571, 1.3379349, 1.230779e-02,-3.869893e-04, 2.200325e-03,-4.246288e-04, 0.110152469,0.006344686,2.307284e-03
"164", 19, 2, 2, 500,16,"Not_Donated",0.295323123,-0.8393719,-0.8382922,-1.462057e-02, 7.358298e-04, 8.865944e-04,-2.808606e-05,-0.069309448,0.006406169,6.798735e-04
"239",394,11, 5,1250,37,"Donated",0.149309577, 1.9535983, 1.9552646, 1.856887e-03, 1.339819e-03,-1.170389e-03, 2.182408e-04, 0.118248488,0.003427043,4.915020e-03
"480",404,11, 2, 500,11,"Not_Donated",0.163437353,-0.5991063,-0.5983426,-4.074284e-03,-6.096709e-04, 1.088866e-05, 1.465203e-04,-0.046337830,0.005629656,2.780855e-04
"186",195, 2, 4,1000,43,"Not_Donated",0.240145396,-0.7447150,-0.7431900,-7.593136e-03, 9.344545e-04, 1.719365e-03,-4.193894e-04,-0.075527687,0.009635967,7.762281e-04
"511",320,16, 3, 750,21,"Not_Donated",0.101357455,-0.4637474,-0.4630738,-7.283722e-05,-6.828085e-04, 2.542423e-05, 6.897014e-05,-0.037480773,0.006146036,1.754522e-04
"208",498, 4, 5,1250,58,"Not_Donated",0.179531674,-0.6327495,-0.6311180,-2.729940e-03, 6.144338e-04, 1.697122e-03,-4.709531e-04,-0.070218082,0.011519397,6.449302e-04
"147",565,10, 4,1000,16,"Not_Donated",0.207761409,-0.6842710,-0.6834910,-4.236179e-03,-6.372588e-04,-3.507276e-04, 1.996327e-04,-0.050931026,0.005214293,3.454501e-04
"268",152,11, 1, 250,11,"Not_Donated",0.143548388,-0.5581605,-0.5574903,-3.945907e-03,-5.116329e-04, 2.522017e-04, 8.913150e-05,-0.041584287,0.005226172,2.212944e-04
"481",218, 2, 5,1250,63,"Not_Donated",0.192364572,-0.6594353,-0.6568915,-3.673033e-03, 9.795287e-04, 2.162851e-03,-6.105580e-04,-0.090207999,0.017398623,1.073025e-03
"568", 30,23, 1, 250,23,"Not_Donated",0.038763329,-0.2820349,-0.2816225, 7.441851e-04,-4.332610e-04, 1.149800e-04, 1.587596e-05,-0.022449578,0.005964454,6.085519e-05
"219",465,14,13,3250,57,"Not_Donated",0.224292258,-0.7169242,-0.7151129, 8.033959e-03,-1.065274e-03,-1.358690e-03, 7.523127e-05,-0.080251237,0.011715190,8.670442e-04
"302",713,11, 4,1000,61,"Not_Donated",0.081916477,-0.4148735,-0.4141896, 5.867468e-04,-7.362677e-05, 8.952696e-04,-2.265557e-04,-0.035517926,0.006891649,1.558687e-04
"416",542, 2, 2, 500, 4,"Donated",0.352512047, 1.4503454, 1.4495989, 2.981709e-02,-9.366385e-04, 1.083376e-04,-4.592911e-04, 0.139416846,0.008633546,4.033838e-03
"168",239, 4, 1, 250, 4,"Not_Donated",0.277860906,-0.8097229,-0.8085663,-1.448287e-02, 1.820136e-04, 2.936333e-04, 2.000486e-04,-0.069805966,0.006979661,6.808707e-04
"520",642,16,14,3500,83,"Not_Donated",0.136070691,-0.5442920,-0.5427102, 8.201672e-03,-6.435939e-04,-1.294045e-04,-1.949455e-04,-0.063132270,0.012574135,5.078033e-04
"254",186,14, 2, 500,16,"Not_Donated",0.115818739,-0.4975896,-0.4969266,-1.454395e-03,-6.357480e-04, 1.061479e-04, 7.928274e-05,-0.038690470,0.005690780,1.884979e-04
"76",510, 4, 2, 500, 4,"Donated",0.309631394, 1.5369186, 1.5366411, 2.711649e-02,-2.589821e-04, 3.063602e-04,-5.384112e-04, 0.136314721,0.007354908,4.160689e-03
"346",180,23, 3, 750,33,"Not_Donated",0.042197408,-0.2945309,-0.2940978, 1.256462e-03,-4.593152e-04, 1.001443e-04, 5.371431e-06,-0.023532507,0.006009077,6.698734e-05
"299",716,11, 4,1000,58,"Not_Donated",0.086972443,-0.4279556,-0.4273050, 4.770220e-04,-9.524889e-05, 8.741879e-04,-2.179045e-04,-0.035228854,0.006374903,1.537681e-04
"457",310, 3, 5,1250,38,"Not_Donated",0.271599997,-0.7984265,-0.7974784,-7.680577e-03, 7.328150e-04, 1.060958e-03,-2.684485e-04,-0.062516361,0.005764868,5.436395e-04
"247",216,11, 2, 500,17,"Not_Donated",0.146327721,-0.5637585,-0.5631860,-3.184540e-03,-4.911600e-04, 2.557768e-04, 5.850961e-05,-0.038652426,0.004429471,1.915064e-04
"149",586, 4,12,3000,88,"Not_Donated",0.249574967,-0.7668791,-0.7630633, 4.424796e-03, 1.001194e-03, 1.495699e-03,-7.804487e-04,-0.122558489,0.023588463,2.057158e-03
"424",521, 2, 6,1500,35,"Donated",0.338286698, 1.4765766, 1.4761614, 1.639804e-02,-1.590160e-03,-8.853584e-04, 2.890984e-04, 0.115764557,0.005758626,2.848788e-03
"345",538,23, 2, 500,26,"Not_Donated",0.042172253,-0.2944765,-0.2940263, 9.852259e-04,-4.707514e-04, 8.818432e-05, 1.856959e-05,-0.023993798,0.006247776,6.963837e-05
"441",165, 2, 2, 500,11,"Donated",0.318505850, 1.5179005, 1.5175627, 2.842329e-02,-1.190867e-03,-9.093472e-04,-1.648750e-04, 0.129926284,0.006854565,3.717397e-03
"330",265,23, 3, 750,28,"Not_Donated",0.046830393,-0.3107672,-0.3102555, 1.262377e-03,-5.251354e-04, 4.345855e-05, 2.608179e-05,-0.026316575,0.006745119,8.397806e-05
"124",477, 2, 1, 250, 2,"Not_Donated",0.327908386,-0.8955079,-0.8939516,-1.917791e-02, 5.861159e-04, 2.829368e-04, 2.436076e-04,-0.087743858,0.008994638,1.117109e-03
"277",711,11, 2, 500,24,"Not_Donated",0.128271374,-0.5249885,-0.5245204,-2.313910e-03,-3.741691e-04, 4.780640e-04,-2.368228e-05,-0.033506852,0.003841072,1.423913e-04
"422",329, 4, 7,1750,32,"Donated",0.343869179, 1.4640936, 1.4637821, 1.254745e-02,-7.020641e-04, 6.009516e-04,-4.939427e-05, 0.095621200,0.004003633,1.925201e-03
"524", 22,23,19,4750,62,"Not_Donated",0.213736301,-0.7095793,-0.7026288, 1.816580e-02,-2.544259e-03,-3.613418e-03, 4.773104e-04,-0.158063241,0.044839157,3.340062e-03
"188", 62, 8, 8,2000,52,"Donated",0.211386154, 1.7670309, 1.7678390,-1.005219e-03, 1.053388e-04,-1.055508e-03, 5.465091e-04, 0.123441724,0.004567289,4.298952e-03
"488",526,11, 4,1000,27,"Not_Donated",0.157727396,-0.5869869,-0.5865025,-1.804714e-03,-4.841380e-04, 1.846166e-04, 1.986754e-05,-0.036415203,0.003629231,1.711461e-04
"410",124, 2, 4,1000,14,"Not_Donated",0.372956925,-0.9693570,-0.9682010,-1.661107e-02, 7.274419e-04,-2.705182e-04, 2.161953e-04,-0.081084444,0.006569254,9.897880e-04
"351",660,21, 1, 250,21,"Not_Donated",0.048646342,-0.3167787,-0.3163092, 5.472328e-04,-4.816826e-04, 1.345898e-04, 2.173675e-05,-0.025455793,0.006077857,7.864914e-05
"403",250, 4,13,3250,39,"Donated",0.530161743, 1.1346986, 1.1322503, 2.622421e-03,-2.955496e-04, 3.903231e-03,-4.991454e-04, 0.140576656,0.014286556,3.257663e-03
"107",747, 4, 5,1250,28,"Not_Donated",0.296214675,-0.8397240,-0.8391096,-8.888469e-03, 4.192575e-04, 3.030352e-04,-3.662882e-05,-0.052253499,0.003648239,3.866912e-04
"394",104, 2,11,2750,28,"Not_Donated",0.561675009,-1.2932426,-1.2912661,-1.120937e-02, 8.093718e-04,-4.105981e-03, 6.729539e-04,-0.156830219,0.013684496,4.506361e-03
"375",588,23, 1, 250,23,"Not_Donated",0.038763329,-0.2820349,-0.2816225, 7.441851e-04,-4.332610e-04, 1.149800e-04, 1.587596e-05,-0.022449578,0.005964454,6.085519e-05
"236",362,14, 2, 500,14,"Not_Donated",0.120359867,-0.5080001,-0.5072744,-1.642332e-03,-6.758322e-04, 4.213260e-05, 1.025767e-04,-0.040970715,0.006119667,2.119221e-04
"355",431,21, 1, 250,21,"Not_Donated",0.048646342,-0.3167787,-0.3163092, 5.472328e-04,-4.816826e-04, 1.345898e-04, 2.173675e-05,-0.025455793,0.006077857,7.864914e-05
"177",282, 4, 1, 250, 4,"Not_Donated",0.277860906,-0.8097229,-0.8085663,-1.448287e-02, 1.820136e-04, 2.936333e-04, 2.000486e-04,-0.069805966,0.006979661,6.808707e-04
"412",470, 4, 5,1250,16,"Donated",0.353489642, 1.4461247, 1.4456460, 1.935922e-02,-3.618022e-04, 1.160964e-03,-4.420948e-04, 0.110641536,0.005486754,2.536490e-03
"248",153,14, 4,1000,26,"Not_Donated",0.125190164,-0.5185043,-0.5178989,-2.719121e-04,-6.503183e-04, 4.218329e-05, 5.095054e-05,-0.037849118,0.005018625,1.813641e-04
"59",591, 2, 4,1000,16,"Not_Donated",0.362816314,-0.9523392,-0.9512644,-1.585573e-02, 7.540100e-04,-7.558840e-05, 1.550134e-04,-0.076902601,0.006125406,8.827422e-04
"215", 11, 7, 2, 500,16,"Not_Donated",0.205178272,-0.6790235,-0.6784434,-7.142519e-03,-1.487632e-04, 4.459942e-04, 4.511903e-05,-0.043678354,0.003899696,2.536450e-04
"91",493, 4, 8,2000,40,"Donated",0.339105975, 1.4740148, 1.4736848, 9.124485e-03,-8.744464e-04, 3.190882e-04, 1.486497e-04, 0.102391222,0.004526340,2.225482e-03
"425",531, 2, 3, 750,14,"Not_Donated",0.337868748,-0.9109411,-0.9098461,-1.603044e-02, 7.277085e-04, 2.857409e-04, 1.099463e-04,-0.074620896,0.006303451,8.143569e-04
"224",647,14, 4,1000,22,"Donated",0.135058405, 2.0067957, 2.0102475, 2.184605e-03, 2.731048e-03, 3.962145e-04,-3.718291e-04, 0.157481958,0.005744129,9.303214e-03
"465",188, 4, 2, 500,13,"Not_Donated",0.269318386,-0.7941998,-0.7933684,-1.216137e-02, 2.791483e-04, 5.009153e-04, 7.244064e-05,-0.058300224,0.005070642,4.720155e-04
"150", 59,13, 8,2000,26,"Not_Donated",0.225439702,-0.7182740,-0.7167752, 9.303933e-04,-1.157211e-03,-1.376232e-03, 3.227039e-04,-0.073039037,0.009687469,7.187551e-04
"324",468,21, 2, 500,23,"Not_Donated",0.053979278,-0.3342227,-0.3336966, 8.011236e-04,-5.371261e-04, 8.662967e-05, 3.039347e-05,-0.027724852,0.006473974,9.355756e-05
"135",291, 2, 1, 250, 2,"Not_Donated",0.327908386,-0.8955079,-0.8939516,-1.917791e-02, 5.861159e-04, 2.829368e-04, 2.436076e-04,-0.087743858,0.008994638,1.117109e-03
"382",287,21, 3, 750,70,"Not_Donated",0.023311492,-0.2177034,-0.2174539, 1.023538e-03,-1.644548e-04, 3.146512e-04,-7.457286e-05,-0.015269005,0.004637282,2.792896e-05
"64",369, 2, 2, 500, 4,"Donated",0.352512047, 1.4503454, 1.4495989, 2.981709e-02,-9.366385e-04, 1.083376e-04,-4.592911e-04, 0.139416846,0.008633546,4.033838e-03
"447",720, 2, 1, 250, 2,"Donated",0.327908386, 1.5000942, 1.4995483, 3.212554e-02,-9.818217e-04,-4.739565e-04,-4.080750e-04, 0.147236237,0.008994638,4.692968e-03
"497",682,11, 3, 750,23,"Not_Donated",0.149151496,-0.5694660,-0.5689642,-2.395328e-03,-4.698687e-04, 2.594361e-04, 2.677976e-05,-0.036399893,0.003852070,1.701226e-04
"93",564,11,24,6000,64,"Not_Donated",0.641775395,-1.4777953,-1.4721497, 3.049252e-02,-2.368625e-03,-1.188814e-02, 1.416538e-03,-0.384084579,0.059842517,3.032329e-02
"80",527, 3,17,4250,86,"Not_Donated",0.451629848,-1.1117446,-1.1068715, 1.055563e-02, 1.510939e-03,-1.123230e-03,-6.859487e-04,-0.193468178,0.027805262,6.057163e-03
"476",603, 4, 4,1000,34,"Donated",0.240585927, 1.6920460, 1.6924812, 1.632453e-02,-1.097072e-03,-2.361279e-03, 4.837146e-04, 0.120804490,0.004772482,3.802314e-03
"19",463, 2, 3, 750, 4,"Donated",0.388229300, 1.3820930, 1.3810117, 2.779757e-02,-8.181463e-04, 9.419751e-04,-5.855647e-04, 0.138287080,0.009351381,3.753850e-03
"251",458, 9, 5,1250,51,"Donated",0.135701384, 2.0039035, 2.0070205, 1.310505e-03, 1.883413e-04,-3.320860e-03, 8.691349e-04, 0.150120689,0.005237567,8.427726e-03
"127",456, 2, 1, 250, 2,"Not_Donated",0.327908386,-0.8955079,-0.8939516,-1.917791e-02, 5.861159e-04, 2.829368e-04, 2.436076e-04,-0.087743858,0.008994638,1.117109e-03
"539",621,16, 7,1750,64,"Not_Donated",0.075382217,-0.3971067,-0.3965359, 2.492981e-03,-3.543988e-04, 4.273565e-04,-1.382183e-04,-0.031671158,0.005986642,1.234939e-04
"291", 18,14, 1, 250,14,"Not_Donated",0.105054766,-0.4724778,-0.4718542,-1.696133e-03,-5.722879e-04, 2.165241e-04, 6.005378e-05,-0.036435850,0.005598437,1.661508e-04
"442",383, 4, 6,1500,38,"Donated",0.282888230, 1.5925598, 1.5925727, 1.249542e-02,-1.027380e-03,-1.154228e-03, 3.601110e-04, 0.107531312,0.004274026,2.731930e-03
"469",417, 4, 1, 250, 4,"Not_Donated",0.277860906,-0.8097229,-0.8085663,-1.448287e-02, 1.820136e-04, 2.936333e-04, 2.000486e-04,-0.069805966,0.006979661,6.808707e-04
"338",481,14, 3, 750,52,"Not_Donated",0.065110446,-0.3678951,-0.3674401, 6.387044e-04,-2.192514e-04, 6.205709e-04,-1.362727e-04,-0.027123942,0.005120691,9.007787e-05
"564", 49,23, 3, 750,39,"Not_Donated",0.037215300,-0.2761525,-0.2757889, 1.234264e-03,-3.904255e-04, 1.529433e-04,-1.447167e-05,-0.020845206,0.005367087,5.242583e-05
"241",384,11, 3, 750,23,"Not_Donated",0.149151496,-0.5694660,-0.5689642,-2.395328e-03,-4.698687e-04, 2.594361e-04, 2.677976e-05,-0.036399893,0.003852070,1.701226e-04
"21",  8, 2, 6,1500,16,"Donated",0.436186578, 1.2932803, 1.2921515, 1.994929e-02,-8.806957e-04, 1.698037e-03,-4.817031e-04, 0.118771011,0.007894178,2.591755e-03
"559",232,21, 1, 250,21,"Not_Donated",0.048646342,-0.3167787,-0.3163092, 5.472328e-04,-4.816826e-04, 1.345898e-04, 2.173675e-05,-0.025455793,0.006077857,7.864914e-05
"472",695, 4, 1, 250, 4,"Not_Donated",0.277860906,-0.8097229,-0.8085663,-1.448287e-02, 1.820136e-04, 2.936333e-04, 2.000486e-04,-0.069805966,0.006979661,6.808707e-04
"195",555,11, 2, 500,11,"Not_Donated",0.163437353,-0.5991063,-0.5983426,-4.074284e-03,-6.096709e-04, 1.088866e-05, 1.465203e-04,-0.046337830,0.005629656,2.780855e-04
"349",251,21, 1, 250,21,"Not_Donated",0.048646342,-0.3167787,-0.3163092, 5.472328e-04,-4.816826e-04, 1.345898e-04, 2.173675e-05,-0.025455793,0.006077857,7.864914e-05
"484",486, 2, 2, 500,22,"Not_Donated",0.268843869,-0.7940105,-0.7929188,-1.259801e-02, 7.771675e-04, 1.250289e-03,-1.552918e-04,-0.066830948,0.006655683,6.200447e-04
"490",710, 7, 5,1250,52,"Not_Donated",0.157169859,-0.5866703,-0.5858162,-1.356209e-03, 1.620580e-04, 1.136483e-03,-3.039978e-04,-0.048394033,0.006398718,3.021606e-04
"148",618, 2, 4,1000,35,"Not_Donated",0.273398724,-0.8020726,-0.8009021,-9.666428e-03, 9.125104e-04, 1.340411e-03,-2.953459e-04,-0.069727794,0.007096891,6.771654e-04
"417",355, 2, 6,1500,28,"Donated",0.373248154, 1.4077141, 1.4071547, 1.788427e-02,-1.322632e-03, 1.184252e-04,-1.024753e-05, 0.106500204,0.005366959,2.277406e-03
"22",539, 2, 6,1500,16,"Donated",0.436186578, 1.2932803, 1.2921515, 1.994929e-02,-8.806957e-04, 1.698037e-03,-4.817031e-04, 0.118771011,0.007894178,2.591755e-03
"90",653, 4, 5,1250,23,"Not_Donated",0.319435664,-0.8790346,-0.8783606,-1.032187e-02, 3.507796e-04,-9.756973e-05, 8.627855e-05,-0.056779036,0.003929140,4.646985e-04
"136",392, 2, 1, 250, 2,"Not_Donated",0.327908386,-0.8955079,-0.8939516,-1.917791e-02, 5.861159e-04, 2.829368e-04, 2.436076e-04,-0.087743858,0.008994638,1.117109e-03
"69",328, 2, 4,1000,16,"Not_Donated",0.362816314,-0.9523392,-0.9512644,-1.585573e-02, 7.540100e-04,-7.558840e-05, 1.550134e-04,-0.076902601,0.006125406,8.827422e-04
"280",201,11, 6,1500,71,"Not_Donated",0.088820282,-0.4331177,-0.4322592, 1.567228e-03,-5.494985e-05, 9.183539e-04,-2.703162e-04,-0.040771039,0.008319746,2.061650e-04
"53",132, 4, 5,1250,16,"Donated",0.353489642, 1.4461247, 1.4456460, 1.935922e-02,-3.618022e-04, 1.160964e-03,-4.420948e-04, 0.110641536,0.005486754,2.536490e-03
"413",140, 2, 7,1750,32,"Donated",0.388820913, 1.3784019, 1.3777486, 1.538512e-02,-1.341154e-03, 3.965759e-04, 1.620603e-05, 0.106922217,0.005641637,2.242219e-03
"183", 31,14, 7,1750,26,"Not_Donated",0.184762141,-0.6418673,-0.6406720, 9.325729e-04,-1.048473e-03,-8.664520e-04, 2.281694e-04,-0.060572649,0.008356675,4.814944e-04
"220",385, 4, 3, 750,34,"Not_Donated",0.213706952,-0.6954164,-0.6945554,-6.943138e-03, 4.717571e-04, 1.284552e-03,-2.494362e-04,-0.054092062,0.005691672,3.911757e-04
"543",416,16, 1, 250,16,"Not_Donated",0.084732476,-0.4220432,-0.4214533,-7.133818e-04,-5.690006e-04, 1.918010e-04, 4.551438e-05,-0.033282658,0.005853682,1.370788e-04
"210",268, 3, 2, 500,23,"Not_Donated",0.246156999,-0.7539167,-0.7530067,-1.070106e-02, 5.720489e-04, 1.175171e-03,-1.476337e-04,-0.058767045,0.005714603,4.718840e-04
"544",202,16, 1, 250,16,"Not_Donated",0.084732476,-0.4220432,-0.4214533,-7.133818e-04,-5.690006e-04, 1.918010e-04, 4.551438e-05,-0.033282658,0.005853682,1.370788e-04
"501", 46,14, 4,1000,26,"Not_Donated",0.125190164,-0.5185043,-0.5178989,-2.719121e-04,-6.503183e-04, 4.218329e-05, 5.095054e-05,-0.037849118,0.005018625,1.813641e-04
"132",247, 2, 1, 250, 2,"Donated",0.327908386, 1.5000942, 1.4995483, 3.212554e-02,-9.818217e-04,-4.739565e-04,-4.080750e-04, 0.147236237,0.008994638,4.692968e-03
"489",371, 7, 9,2250,89,"Donated",0.133173217, 2.0260697, 2.0370677,-1.076758e-02,-1.364851e-03,-5.526356e-03, 1.985273e-03, 0.280997135,0.017722262,2.988863e-02
"314",438,16, 1, 250,16,"Not_Donated",0.084732476,-0.4220432,-0.4214533,-7.133818e-04,-5.690006e-04, 1.918010e-04, 4.551438e-05,-0.033282658,0.005853682,1.370788e-04
"379",547,21, 6,1500,86,"Not_Donated",0.025974272,-0.2300818,-0.2297572, 1.569926e-03,-1.705165e-04, 3.351722e-04,-9.639332e-05,-0.017923355,0.005714402,3.853554e-05
"85",719, 6,17,4250,70,"Not_Donated",0.466062923,-1.1317998,-1.1282952, 1.121950e-02, 2.618618e-04,-3.249920e-03,-5.852650e-05,-0.167694762,0.020309850,4.617679e-03
"73",546, 4, 2, 500, 4,"Not_Donated",0.309631394,-0.8640313,-0.8627760,-1.524446e-02, 1.455956e-04,-1.722309e-04, 3.026863e-04,-0.076486710,0.007354908,8.369379e-04
"191",414,11,17,4250,79,"Donated",0.306450342, 1.5532180, 1.5525627,-2.554304e-02, 1.135853e-03, 3.279070e-03, 3.001744e-04, 0.225817002,0.019518001,1.148718e-02
"486",730, 4, 5,1250,58,"Not_Donated",0.179531674,-0.6327495,-0.6311180,-2.729940e-03, 6.144338e-04, 1.697122e-03,-4.709531e-04,-0.070218082,0.011519397,6.449302e-04
"170",562, 4, 1, 250, 4,"Not_Donated",0.277860906,-0.8097229,-0.8085663,-1.448287e-02, 1.820136e-04, 2.936333e-04, 2.000486e-04,-0.069805966,0.006979661,6.808707e-04
"250",658,11, 5,1250,41,"Not_Donated",0.138566871,-0.5471786,-0.5467200,-2.021186e-04,-3.278691e-04, 4.733511e-04,-1.055440e-04,-0.033976096,0.003636121,1.472923e-04
"55",718, 2, 4,1000,14,"Donated",0.372956925, 1.4091234, 1.4084397, 2.414699e-02,-1.057459e-03, 3.932437e-04,-3.142762e-04, 0.118016732,0.006569254,2.797819e-03
"129",275, 2, 1, 250, 2,"Not_Donated",0.327908386,-0.8955079,-0.8939516,-1.917791e-02, 5.861159e-04, 2.829368e-04, 2.436076e-04,-0.087743858,0.008994638,1.117109e-03
"368",292,21, 2, 500,35,"Not_Donated",0.042074904,-0.2939558,-0.2935907, 9.086808e-04,-3.857018e-04, 2.134049e-04,-1.964153e-05,-0.021576696,0.005076292,5.631170e-05
"272", 26,11, 2, 500,21,"Not_Donated",0.135765318,-0.5412891,-0.5407890,-2.666355e-03,-4.216739e-04, 3.905304e-04, 9.034888e-06,-0.035259346,0.004000251,1.583675e-04
"289",679,14, 5,1250,50,"Not_Donated",0.089951568,-0.4352119,-0.4347228, 1.218207e-03,-3.467535e-04, 4.913018e-04,-1.204086e-04,-0.030809499,0.004722337,1.178020e-04
"445",397, 2, 3, 750,21,"Not_Donated",0.304610599,-0.8548922,-0.8538990,-1.353389e-02, 7.955014e-04, 8.279867e-04,-6.837254e-05,-0.067429701,0.005848155,6.479931e-04
"494",666,14, 2, 500,14,"Not_Donated",0.120359867,-0.5080001,-0.5072744,-1.642332e-03,-6.758322e-04, 4.213260e-05, 1.025767e-04,-0.040970715,0.006119667,2.119221e-04
"455", 50, 2, 3, 750,22,"Not_Donated",0.300011682,-0.8471159,-0.8461205,-1.319806e-02, 8.033698e-04, 8.968756e-04,-9.124614e-05,-0.067018410,0.005883556,6.379003e-04
"161",242, 4, 7,1750,58,"Not_Donated",0.229167899,-0.7250587,-0.7235367,-2.338886e-03, 6.864808e-04, 1.370588e-03,-4.647170e-04,-0.074079651,0.009778716,7.412271e-04
"434", 53, 2, 9,2250,75,"Not_Donated",0.252871397,-0.7716840,-0.7682898,-7.268106e-04, 1.273723e-03, 1.954925e-03,-7.594456e-04,-0.115996136,0.020924274,1.846980e-03
"518",363,16, 4,1000,28,"Not_Donated",0.101414174,-0.4637599,-0.4631448, 5.675152e-04,-6.553905e-04, 5.362328e-05, 3.775656e-05,-0.035809438,0.005612838,1.601587e-04
"108",168, 2, 2, 500,10,"Not_Donated",0.323257345,-0.8868212,-0.8856111,-1.683848e-02, 6.787789e-04, 4.479456e-04, 1.221412e-04,-0.076705028,0.007023338,8.506097e-04
"8",164, 1,12,3000,35,"Not_Donated",0.585525725,-1.3367262,-1.3348475,-1.008136e-02, 1.286268e-03,-3.990705e-03, 5.118387e-04,-0.165112245,0.014186121,5.155398e-03
"154",296, 4, 7,1750,52,"Not_Donated",0.253092045,-0.7668116,-0.7656147,-3.356546e-03, 6.548419e-04, 1.085480e-03,-3.851545e-04,-0.068252008,0.007437809,6.395596e-04
"264",451,23,38,9500,98,"Not_Donated",0.695151529,-1.7039206,-1.6976836, 9.452352e-02,-8.186460e-03,-2.448563e-02, 2.865904e-03,-0.827779158,0.181674728,1.546600e-01
"3",441, 1,16,4000,35,"Donated",0.722824423, 0.8161133, 0.8118736, 3.005290e-03,-5.149188e-04, 4.056096e-03,-5.894066e-04, 0.135257394,0.025318450,2.554899e-03
"24",573, 4, 6,1500,14,"Not_Donated",0.399662379,-1.0141374,-1.0127740,-1.344166e-02, 1.446373e-04,-1.656432e-03, 4.813400e-04,-0.092073781,0.007728373,1.306365e-03
"514",592,11, 1, 250,11,"Not_Donated",0.143548388,-0.5581605,-0.5574903,-3.945907e-03,-5.116329e-04, 2.522017e-04, 8.913150e-05,-0.041584287,0.005226172,2.212944e-04
"473",425, 4, 1, 250, 4,"Not_Donated",0.277860906,-0.8097229,-0.8085663,-1.448287e-02, 1.820136e-04, 2.936333e-04, 2.000486e-04,-0.069805966,0.006979661,6.808707e-04
"385",673,35, 3, 750,64,"Not_Donated",0.006955874,-0.1183269,-0.1182408, 6.152606e-04,-1.197505e-04, 6.310444e-05,-1.215121e-05,-0.006580400,0.002920741,5.144662e-06
"288", 73,11, 3, 750,40,"Donated",0.107940961, 2.1144933, 2.1182840, 3.290925e-03, 9.894096e-04,-3.134111e-03, 5.962364e-04, 0.141708734,0.004191458,8.732946e-03
"347",210,23, 2, 500,28,"Not_Donated",0.040445472,-0.2882146,-0.2877936, 9.904662e-04,-4.461454e-04, 1.079714e-04, 1.085407e-05,-0.022940085,0.005963686,6.359904e-05
"569",337,23, 1, 250,23,"Not_Donated",0.038763329,-0.2820349,-0.2816225, 7.441851e-04,-4.332610e-04, 1.149800e-04, 1.587596e-05,-0.022449578,0.005964454,6.085519e-05
"320",412,16, 4,1000,45,"Not_Donated",0.072273080,-0.3882580,-0.3878191, 1.090559e-03,-3.891159e-04, 3.902042e-04,-7.755605e-05,-0.027420137,0.004700423,9.241144e-05
"534",697,14, 1, 250,14,"Not_Donated",0.105054766,-0.4724778,-0.4718542,-1.696133e-03,-5.722879e-04, 2.165241e-04, 6.005378e-05,-0.036435850,0.005598437,1.661508e-04
"42",471, 2, 2, 500, 2,"Not_Donated",0.362528516,-0.9534379,-0.9517839,-2.009856e-02, 5.760955e-04,-2.607842e-04, 3.601998e-04,-0.095574963,0.009408073,1.363115e-03
"117",135, 4, 2, 500, 9,"Donated",0.286822745, 1.5850456, 1.5850248, 2.590194e-02,-4.317106e-04,-4.292045e-04,-3.231475e-04, 0.124835521,0.005806408,3.651653e-03
"460",503, 2, 3, 750,24,"Not_Donated",0.290934198,-0.8317336,-0.8307227,-1.254202e-02, 8.178035e-04, 1.028415e-03,-1.350961e-04,-0.066581061,0.006023319,6.253624e-04
"371",117,23, 1, 250,23,"Not_Donated",0.038763329,-0.2820349,-0.2816225, 7.441851e-04,-4.332610e-04, 1.149800e-04, 1.587596e-05,-0.022449578,0.005964454,6.085519e-05
"115",151, 4, 3, 750,16,"Not_Donated",0.286950109,-0.8243191,-0.8235585,-1.175927e-02, 2.974028e-04, 2.981660e-04, 8.488150e-05,-0.057331054,0.004553512,4.623141e-04
"348", 27,21, 1, 250,21,"Not_Donated",0.048646342,-0.3167787,-0.3163092, 5.472328e-04,-4.816826e-04, 1.345898e-04, 2.173675e-05,-0.025455793,0.006077857,7.864914e-05
"522",639,16, 3, 750,23,"Not_Donated",0.097453849,-0.4541628,-0.4535406, 3.766052e-05,-6.441719e-04, 7.993003e-05, 4.985789e-05,-0.035600699,0.005783654,1.579465e-04
"18",345, 2, 3, 750, 4,"Donated",0.388229300, 1.3820930, 1.3810117, 2.779757e-02,-8.181463e-04, 9.419751e-04,-5.855647e-04, 0.138287080,0.009351381,3.753850e-03
"293",122,14, 1, 250,14,"Not_Donated",0.105054766,-0.4724778,-0.4718542,-1.696133e-03,-5.722879e-04, 2.165241e-04, 6.005378e-05,-0.036435850,0.005598437,1.661508e-04
"86",676, 0, 8,2000,59,"Not_Donated",0.333163688,-0.9078708,-0.9049497,-6.524975e-03, 1.777006e-03, 1.722876e-03,-6.745728e-04,-0.121882426,0.016752776,2.164411e-03
"31",298, 2,12,3000,47,"Donated",0.496732909, 1.1895556, 1.1877401, 4.785812e-03,-1.206681e-03, 2.207105e-03,-5.149743e-05, 0.129419040,0.011050467,2.861857e-03
"339",522,18, 8,2000,95,"Not_Donated",0.038297445,-0.2805854,-0.2800364, 2.306686e-03,-1.631945e-04, 4.821652e-04,-1.572200e-04,-0.025854895,0.007976938,8.069781e-05
"528",267,11, 2, 500,25,"Not_Donated",0.125852941,-0.5196572,-0.5191962,-2.202964e-03,-3.591681e-04, 5.048252e-04,-3.380157e-05,-0.033055161,0.003815453,1.383839e-04
"398",157, 4,33,8250,98,"Donated",0.869824572, 0.5421430, 0.5356969,-1.017284e-02,-1.085996e-04, 3.643371e-03,-2.578266e-04, 0.129188368,0.051005827,2.118996e-03
"227", 43,11, 2, 500,14,"Not_Donated",0.154689370,-0.5811801,-0.5805260,-3.611794e-03,-5.481816e-04, 1.400872e-04, 1.003406e-04,-0.042085922,0.004938489,2.281804e-04
"313",354,14, 3, 750,41,"Not_Donated",0.081323875,-0.4127819,-0.4123498, 2.975935e-04,-3.314738e-04, 5.157381e-04,-9.334137e-05,-0.028123615,0.004375835,9.769352e-05
"281",390,14, 2, 500,21,"Donated",0.105113312, 2.1278242, 2.1324606, 4.653876e-03, 2.449271e-03,-1.106427e-03,-1.249742e-04, 0.154312512,0.004903945,1.054061e-02
"29",606, 2,16,4000,64,"Not_Donated",0.557068007,-1.2890328,-1.2861202, 3.787200e-03, 1.472494e-03,-3.327661e-03,-8.487051e-05,-0.188696524,0.019816721,6.485275e-03
"450",211, 2, 1, 250, 2,"Not_Donated",0.327908386,-0.8955079,-0.8939516,-1.917791e-02, 5.861159e-04, 2.829368e-04, 2.436076e-04,-0.087743858,0.008994638,1.117109e-03
"214",480,16, 7,1750,28,"Not_Donated",0.151633363,-0.5761004,-0.5749077, 1.940969e-03,-1.054262e-03,-6.905573e-04, 1.836677e-04,-0.056621758,0.009059743,4.122609e-04
"4",160, 2,20,5000,45,"Donated",0.778435500, 0.7196296, 0.7145326,-1.627725e-03,-2.513487e-04, 4.251479e-03,-5.623784e-04, 0.136010435,0.032688791,2.485902e-03
"278",668, 4, 3, 750,71,"Not_Donated",0.108177857,-0.4827744,-0.4807763,-1.441925e-03, 5.153509e-04, 1.828991e-03,-4.739644e-04,-0.066347116,0.017565445,5.518894e-04
"532",611,14, 3, 750,33,"Not_Donated",0.095344456,-0.4486172,-0.4481650,-7.375239e-05,-4.371963e-04, 3.853617e-04,-4.446405e-05,-0.030121527,0.004249963,1.129371e-04
"318",163,16, 1, 250,16,"Not_Donated",0.084732476,-0.4220432,-0.4214533,-7.133818e-04,-5.690006e-04, 1.918010e-04, 4.551438e-05,-0.033282658,0.005853682,1.370788e-04
"130",227, 2, 1, 250, 2,"Not_Donated",0.327908386,-0.8955079,-0.8939516,-1.917791e-02, 5.861159e-04, 2.829368e-04, 2.436076e-04,-0.087743858,0.008994638,1.117109e-03
"44",712, 2,11,2750,46,"Not_Donated",0.463933237,-1.1219862,-1.1203679,-5.717607e-03, 1.184564e-03,-1.495053e-03,-3.266776e-05,-0.112596922,0.009421240,2.077336e-03
"271",488,11, 5,1250,50,"Not_Donated",0.116759134,-0.4994835,-0.4989359, 4.054861e-04,-2.096496e-04, 6.989119e-04,-1.779971e-04,-0.035225756,0.004686205,1.563338e-04
"121",651, 2, 2, 500,11,"Not_Donated",0.318505850,-0.8787653,-0.8775881,-1.645523e-02, 6.894345e-04, 5.264527e-04, 9.545187e-05,-0.075081786,0.006854565,8.119878e-04
"131",550, 2, 1, 250, 2,"Donated",0.327908386, 1.5000942, 1.4995483, 3.212554e-02,-9.818217e-04,-4.739565e-04,-4.080750e-04, 0.147236237,0.008994638,4.692968e-03
"328",378,23, 2, 500,23,"Not_Donated",0.044895123,-0.3041238,-0.3036232, 9.730009e-04,-5.100310e-04, 5.493765e-05, 3.134503e-05,-0.025736924,0.006736305,8.023811e-05
"123", 79, 2, 1, 250, 2,"Donated",0.327908386, 1.5000942, 1.4995483, 3.212554e-02,-9.818217e-04,-4.739565e-04,-4.080750e-04, 0.147236237,0.008994638,4.692968e-03
"187",717, 8, 9,2250,58,"Not_Donated",0.215148987,-0.6981143,-0.6972302, 1.597516e-03, 6.298145e-07, 4.186846e-04,-2.638358e-04,-0.054957129,0.005828996,4.041696e-04
"17",638, 2, 6,1500,15,"Donated",0.441556168, 1.2839712, 1.2827643, 2.009149e-02,-8.453110e-04, 1.819853e-03,-5.180848e-04, 0.120924825,0.008299256,2.668157e-03
"551",365,14, 2, 500,35,"Donated",0.079663999, 2.2542776, 2.2605000, 9.362335e-04, 1.883676e-03,-2.792791e-03, 4.063292e-04, 0.153285044,0.004308063,1.255037e-02
"207",257,11,14,3500,73,"Donated",0.241274978, 1.6965227, 1.6976003,-2.017012e-02, 1.054997e-03, 1.502448e-03, 4.852294e-04, 0.192812240,0.012005186,9.668781e-03
"479",273, 9, 9,2250,54,"Not_Donated",0.213516260,-0.6947802,-0.6940434, 1.818048e-03,-1.938132e-04, 1.418662e-04,-1.784324e-04,-0.049992514,0.004874559,3.340880e-04
"63",395, 2, 2, 500, 4,"Donated",0.352512047, 1.4503454, 1.4495989, 2.981709e-02,-9.366385e-04, 1.083376e-04,-4.592911e-04, 0.139416846,0.008633546,4.033838e-03
"408",366, 4, 5,1250,16,"Donated",0.353489642, 1.4461247, 1.4456460, 1.935922e-02,-3.618022e-04, 1.160964e-03,-4.420948e-04, 0.110641536,0.005486754,2.536490e-03
"218",120, 4, 4,1000,46,"Not_Donated",0.196056871,-0.6633141,-0.6621382,-4.688365e-03, 5.507196e-04, 1.512590e-03,-3.702508e-04,-0.061344182,0.008027759,4.973843e-04
"216",215, 4, 5,1250,58,"Not_Donated",0.179531674,-0.6327495,-0.6311180,-2.729940e-03, 6.144338e-04, 1.697122e-03,-4.709531e-04,-0.070218082,0.011519397,6.449302e-04
"507",148,11, 3, 750,26,"Not_Donated",0.141039248,-0.5524287,-0.5519649,-2.039638e-03,-4.178739e-04, 3.645172e-04,-9.924445e-06,-0.034359127,0.003648128,1.508521e-04
"39",134, 4, 9,2250,28,"Donated",0.437239522, 1.2912216, 1.2901284, 1.032748e-02,-3.496138e-04, 2.672242e-03,-4.666961e-04, 0.116489423,0.007620232,2.489755e-03
"431",288, 3, 8,2000,50,"Not_Donated",0.312509773,-0.8689139,-0.8676460,-4.637222e-03, 8.959760e-04, 7.008778e-04,-3.520749e-04,-0.077218794,0.007411791,8.549132e-04
"570",496,23, 1, 250,23,"Not_Donated",0.038763329,-0.2820349,-0.2816225, 7.441851e-04,-4.332610e-04, 1.149800e-04, 1.587596e-05,-0.022449578,0.005964454,6.085519e-05
"11",460, 2,10,2500,28,"Donated",0.523659514, 1.1437751, 1.1419051, 1.098185e-02,-7.982104e-04, 2.940182e-03,-4.803423e-04, 0.124151323,0.011002885,2.558144e-03
"279",194,21,13,3250,57,"Not_Donated",0.127948238,-0.5274366,-0.5255074, 7.742082e-03,-1.239732e-03,-9.723355e-04, 1.034183e-04,-0.068536632,0.015731565,5.956304e-04
"400",280, 4,10,2500,28,"Donated",0.475240530, 1.2259919, 1.2243936, 8.795282e-03,-2.503409e-04, 3.318293e-03,-5.729999e-04, 0.127498937,0.010104525,2.846584e-03
"84", 94, 2, 5,1250,26,"Not_Donated",0.347975014,-0.9273044,-0.9263816,-1.273862e-02, 8.766069e-04, 2.888419e-04,-3.016492e-05,-0.069553466,0.005289841,7.133019e-04
"477",123,11, 6,1500,28,"Not_Donated",0.199322837,-0.6682675,-0.6676131,-1.199245e-03,-6.649404e-04,-3.761684e-04, 1.183191e-04,-0.045922398,0.004448279,2.793212e-04
"151",725, 4, 5,1250,34,"Not_Donated",0.269686076,-0.7944512,-0.7937782,-7.330184e-03, 4.862509e-04, 7.139352e-04,-1.631923e-04,-0.052448820,0.004105252,3.821218e-04
"449", 68, 2, 1, 250, 2,"Not_Donated",0.327908386,-0.8955079,-0.8939516,-1.917791e-02, 5.861159e-04, 2.829368e-04, 2.436076e-04,-0.087743858,0.008994638,1.117109e-03
"446",640, 2, 1, 250, 2,"Not_Donated",0.327908386,-0.8955079,-0.8939516,-1.917791e-02, 5.861159e-04, 2.829368e-04, 2.436076e-04,-0.087743858,0.008994638,1.117109e-03
"200",669,12,13,3250,59,"Not_Donated",0.251503966,-0.7651231,-0.7634648, 7.568245e-03,-8.221104e-04,-1.278824e-03, 1.100595e-05,-0.080288699,0.010308197,8.840526e-04
"77",311, 4, 2, 500, 4,"Not_Donated",0.309631394,-0.8640313,-0.8627760,-1.524446e-02, 1.455956e-04,-1.722309e-04, 3.026863e-04,-0.076486710,0.007354908,8.369379e-04
"571",169,23, 1, 250,23,"Not_Donated",0.038763329,-0.2820349,-0.2816225, 7.441851e-04,-4.332610e-04, 1.149800e-04, 1.587596e-05,-0.022449578,0.005964454,6.085519e-05
"575",541,39, 1, 250,39,"Not_Donated",0.005998438,-0.1098661,-0.1097808, 4.980197e-04,-1.277691e-04, 2.718591e-05, 6.181657e-07,-0.006306609,0.003111278,4.723203e-06
"152",367, 4, 5,1250,35,"Donated",0.265413189, 1.6322603, 1.6324106, 1.469737e-02,-1.028347e-03,-1.607813e-03, 3.777452e-04, 0.109993428,0.004255873,2.969982e-03
"573",433,16, 3, 750,86,"Not_Donated",0.026609324,-0.2330401,-0.2326502, 9.560051e-04,-6.692107e-05, 5.090194e-04,-1.309499e-04,-0.019783200,0.006778943,4.696310e-05
"471",158, 4, 1, 250, 4,"Not_Donated",0.277860906,-0.8097229,-0.8085663,-1.448287e-02, 1.820136e-04, 2.936333e-04, 2.000486e-04,-0.069805966,0.006979661,6.808707e-04
"98",667, 2, 3, 750,16,"Donated",0.328182849, 1.4973023, 1.4969342, 2.559195e-02,-1.254237e-03,-7.557586e-04,-9.322030e-05, 0.120267568,0.006041853,3.129747e-03
"463",230, 9, 3, 750,14,"Not_Donated",0.205673702,-0.6802133,-0.6795153,-5.566614e-03,-4.839558e-04,-8.197826e-05, 1.616686e-04,-0.047983367,0.004686130,3.062063e-04
"555",387,21, 3, 750,35,"Not_Donated",0.048703998,-0.3168883,-0.3164588, 1.171554e-03,-4.552731e-04, 1.621542e-04,-8.664531e-06,-0.024345892,0.005558465,7.194246e-05
"54",507, 3,16,4000,74,"Not_Donated",0.478591174,-1.1534034,-1.1498270, 7.137100e-03, 1.316052e-03,-1.880363e-03,-4.045149e-04,-0.173720879,0.020970302,5.020411e-03
"112",  3, 9, 5,1250,19,"Not_Donated",0.239810657,-0.7423104,-0.7415521,-4.659580e-03,-5.695388e-04,-5.539217e-04, 2.197877e-04,-0.053048810,0.004807940,3.828529e-04
"282",325,23,15,3750,57,"Not_Donated",0.141056486,-0.5582211,-0.5551197, 1.022024e-02,-1.620285e-03,-1.617139e-03, 2.139796e-04,-0.090147927,0.024089506,1.038428e-03
"462",375, 2, 2, 500,14,"Not_Donated",0.304478743,-0.8549532,-0.8538474,-1.533811e-02, 7.186247e-04, 7.489372e-04, 1.936868e-05,-0.071165064,0.006508776,7.217019e-04
"89",535, 4, 9,2250,46,"Not_Donated",0.344150161,-0.9210665,-0.9200981,-3.898385e-03, 6.135273e-04,-2.021534e-04,-1.640205e-04,-0.070833887,0.005559607,7.375138e-04
"334",505,16, 7,1750,87,"Donated",0.047051759, 2.4824147, 2.5053103,-1.735321e-02, 1.202543e-03,-4.637028e-03, 1.435284e-03, 0.230914682,0.008011336,4.122161e-02
"453",237, 2, 1, 250, 2,"Not_Donated",0.327908386,-0.8955079,-0.8939516,-1.917791e-02, 5.861159e-04, 2.829368e-04, 2.436076e-04,-0.087743858,0.008994638,1.117109e-03
"33", 92, 4, 7,1750,22,"Donated",0.394591116, 1.3678839, 1.3671610, 1.474933e-02,-3.573168e-04, 1.955089e-03,-4.572101e-04, 0.109780267,0.006037097,2.343847e-03
"276",572,14, 6,1500,51,"Not_Donated",0.101307824,-0.4633120,-0.4627874, 1.671584e-03,-4.018511e-04, 4.071290e-04,-1.149781e-04,-0.033041259,0.004791802,1.363462e-04
"287",714,14, 4,1000,40,"Not_Donated",0.095398168,-0.4487551,-0.4483004, 5.287825e-04,-4.116407e-04, 4.121169e-04,-7.386209e-05,-0.030209848,0.004272199,1.136038e-04
"38",665, 4,20,5000,69,"Donated",0.631681409, 0.9733402, 0.9679480,-9.417462e-03,-4.689227e-04, 4.451777e-03,-2.285879e-04, 0.176809518,0.030241845,4.687561e-03
"435",729, 4, 6,1500,35,"Not_Donated",0.296344478,-0.8400426,-0.8393889,-7.140942e-03, 4.945930e-04, 3.804229e-04,-1.221050e-04,-0.053922692,0.003881182,4.118305e-04
"533",368,14, 1, 250,14,"Not_Donated",0.105054766,-0.4724778,-0.4718542,-1.696133e-03,-5.722879e-04, 2.165241e-04, 6.005378e-05,-0.036435850,0.005598437,1.661508e-04
"574",360,21, 2, 500,52,"Not_Donated",0.029426415,-0.2449521,-0.2446852, 9.184745e-04,-2.369884e-04, 2.944487e-04,-5.686116e-05,-0.016778409,0.004423763,3.382920e-05
"405",699, 4, 9,2250,28,"Not_Donated",0.437239522,-1.0763974,-1.0750667,-8.609264e-03, 2.914476e-04,-2.227654e-03, 3.890505e-04,-0.097049983,0.007620232,1.502963e-03
"344", 78,23, 2, 500,26,"Not_Donated",0.042172253,-0.2944765,-0.2940263, 9.852259e-04,-4.707514e-04, 8.818432e-05, 1.856959e-05,-0.023993798,0.006247776,6.963837e-05
"179",217, 4, 1, 250, 4,"Not_Donated",0.277860906,-0.8097229,-0.8085663,-1.448287e-02, 1.820136e-04, 2.936333e-04, 2.000486e-04,-0.069805966,0.006979661,6.808707e-04
"521",524,16,10,2500,62,"Not_Donated",0.118842418,-0.5048845,-0.5040186, 4.627466e-03,-6.356098e-04,-9.075292e-06,-9.451084e-05,-0.044619529,0.007339121,2.511309e-04
"448",409, 2, 1, 250, 2,"Not_Donated",0.327908386,-0.8955079,-0.8939516,-1.917791e-02, 5.861159e-04, 2.829368e-04, 2.436076e-04,-0.087743858,0.008994638,1.117109e-03
"189",649,11,22,5500,98,"Not_Donated",0.385851905,-1.0075665,-1.0004551, 2.589792e-02,-6.774007e-04,-3.410735e-03,-2.749115e-04,-0.210338671,0.039551044,6.734369e-03
"285",608,16, 5,1250,40,"Donated",0.091953777, 2.1901510, 2.1959570,-6.723538e-03, 2.687257e-03,-1.021033e-03, 1.642290e-04, 0.159898280,0.004966456,1.238368e-02
"327",593,16, 5,1250,60,"Not_Donated",0.061450763,-0.3571181,-0.3566481, 1.597289e-03,-2.826122e-04, 4.915146e-04,-1.273353e-04,-0.027134475,0.005437010,8.997167e-05
"163",533,11, 9,2250,38,"Not_Donated",0.240705605,-0.7443186,-0.7433833, 1.536555e-03,-7.727668e-04,-9.771393e-04, 1.427281e-04,-0.059048332,0.005918186,4.746356e-04
"354",339,21, 1, 250,21,"Not_Donated",0.048646342,-0.3167787,-0.3163092, 5.472328e-04,-4.816826e-04, 1.345898e-04, 2.173675e-05,-0.025455793,0.006077857,7.864914e-05
"5",358, 1,24,6000,77,"Not_Donated",0.780530155,-1.7748562,-1.7805360, 1.705659e-02, 1.714162e-03,-9.155392e-03, 5.012493e-04,-0.359571405,0.037152139,3.563062e-02
"322",614,16, 1, 250,16,"Not_Donated",0.084732476,-0.4220432,-0.4214533,-7.133818e-04,-5.690006e-04, 1.918010e-04, 4.551438e-05,-0.033282658,0.005853682,1.370788e-04
"100",421, 2, 6,1500,41,"Donated",0.309647972, 1.5366303, 1.5363651, 1.498087e-02,-1.821222e-03,-1.779206e-03, 5.555267e-04, 0.133202314,0.007027845,3.972742e-03
"319",347,16, 1, 250,16,"Not_Donated",0.084732476,-0.4220432,-0.4214533,-7.133818e-04,-5.690006e-04, 1.918010e-04, 4.551438e-05,-0.033282658,0.005853682,1.370788e-04
"217",670, 4, 5,1250,58,"Not_Donated",0.179531674,-0.6327495,-0.6311180,-2.729940e-03, 6.144338e-04, 1.697122e-03,-4.709531e-04,-0.070218082,0.011519397,6.449302e-04
"174",684, 4, 1, 250, 4,"Not_Donated",0.277860906,-0.8097229,-0.8085663,-1.448287e-02, 1.820136e-04, 2.936333e-04, 2.000486e-04,-0.069805966,0.006979661,6.808707e-04
"350",208,21, 1, 250,21,"Not_Donated",0.048646342,-0.3167787,-0.3163092, 5.472328e-04,-4.816826e-04, 1.345898e-04, 2.173675e-05,-0.025455793,0.006077857,7.864914e-05
"365",604,23, 3, 750,40,"Not_Donated",0.036441873,-0.2732016,-0.2728474, 1.229223e-03,-3.799192e-04, 1.603205e-04,-1.730838e-05,-0.020456064,0.005281303,5.046652e-05
"499",223, 9, 1, 250, 9,"Not_Donated",0.175275709,-0.6224251,-0.6217038,-6.105304e-03,-4.079868e-04, 2.725075e-04, 1.142382e-04,-0.046100145,0.005164430,2.772507e-04
"153",605, 4, 7,1750,52,"Not_Donated",0.253092045,-0.7668116,-0.7656147,-3.356546e-03, 6.548419e-04, 1.085480e-03,-3.851545e-04,-0.068252008,0.007437809,6.395596e-04
"270",584,11, 2, 500,21,"Not_Donated",0.135765318,-0.5412891,-0.5407890,-2.666355e-03,-4.216739e-04, 3.905304e-04, 9.034888e-06,-0.035259346,0.004000251,1.583675e-04
"62", 45, 2, 2, 500, 4,"Not_Donated",0.352512047,-0.9364191,-0.9349072,-1.925148e-02, 6.047430e-04,-6.994842e-05, 2.965424e-04,-0.089883491,0.008633546,1.195647e-03
"390",732, 2,11,2750,23,"Not_Donated",0.588310450,-1.3433107,-1.3411680,-1.289330e-02, 6.767900e-04,-4.920187e-03, 8.978610e-04,-0.178358394,0.016354957,6.038781e-03
"114", 29, 2, 9,2250,74,"Not_Donated",0.257013017,-0.7787605,-0.7754502,-8.742873e-04, 1.275562e-03, 1.912208e-03,-7.492684e-04,-0.115280005,0.020305128,1.829524e-03
"459",681, 4, 6,1500,43,"Not_Donated",0.261303941,-0.7803733,-0.7795078,-5.290269e-03, 5.729177e-04, 9.048804e-04,-2.772245e-04,-0.058730069,0.005328538,4.762872e-04
"562", 60,21, 1, 250,21,"Not_Donated",0.048646342,-0.3167787,-0.3163092, 5.472328e-04,-4.816826e-04, 1.345898e-04, 2.173675e-05,-0.025455793,0.006077857,7.864914e-05
"283",326,14, 4,1000,38,"Not_Donated",0.099228484,-0.4581470,-0.4576867, 4.399244e-04,-4.407267e-04, 3.718290e-04,-5.997175e-05,-0.030750444,0.004246865,1.179579e-04
"103",284, 2, 5,1250,34,"Not_Donated",0.309514906,-0.8632678,-0.8622359,-1.023682e-02, 9.443360e-04, 9.185330e-04,-2.229013e-04,-0.069270606,0.006051213,6.864070e-04
"537",462,17, 7,1750,58,"Donated",0.077780252, 2.2665523, 2.2751418,-1.444527e-02, 2.524340e-03,-1.640895e-03, 5.481693e-04, 0.178148058,0.005747011,1.723270e-02
"37",286, 2, 5,1250,16,"Not_Donated",0.398934350,-1.0124225,-1.0112361,-1.629189e-02, 7.484924e-04,-6.968342e-04, 2.700095e-04,-0.085724393,0.006728773,1.131670e-03
"510", 13,16, 2, 500,16,"Not_Donated",0.097399105,-0.4541826,-0.4534876,-5.785571e-04,-6.706466e-04, 5.280434e-05, 7.990231e-05,-0.037633973,0.006458220,1.764980e-04
"20",372, 4,11,2750,28,"Not_Donated",0.513530456,-1.2084407,-1.2063173,-7.614230e-03, 1.640888e-04,-4.030270e-03, 6.909735e-04,-0.143442561,0.013125032,3.556531e-03
"41",391, 2, 2, 500, 2,"Not_Donated",0.362528516,-0.9534379,-0.9517839,-2.009856e-02, 5.760955e-04,-2.607842e-04, 3.601998e-04,-0.095574963,0.009408073,1.363115e-03
"240",549, 4, 5,1250,74,"Not_Donated",0.133727485,-0.5407215,-0.5384646,-8.906423e-04, 6.082299e-04, 1.900465e-03,-5.396206e-04,-0.075285989,0.018018679,7.211451e-04
"56",214, 0, 2, 500, 4,"Not_Donated",0.397908428,-1.0128146,-1.0109017,-2.376138e-02, 1.160720e-03, 5.891575e-05, 2.816438e-04,-0.108986304,0.010822807,1.827479e-03
"326",177,14, 4,1000,57,"Not_Donated",0.067855218,-0.3759048,-0.3754107, 1.022131e-03,-2.188827e-04, 6.265809e-04,-1.514530e-04,-0.028597569,0.005450338,1.002791e-04
"512",411,11, 8,2000,72,"Not_Donated",0.114718778,-0.4957196,-0.4947561, 2.634042e-03,-1.063683e-04, 8.177607e-04,-2.911281e-04,-0.046593910,0.008293845,2.732015e-04
"286",318, 4, 2, 500,51,"Donated",0.138637335, 1.9996934, 2.0064048, 1.339970e-02,-1.803194e-03,-6.408885e-03, 1.471143e-03, 0.225113419,0.011750138,1.868768e-02
"266", 77,11, 1, 250,11,"Not_Donated",0.143548388,-0.5581605,-0.5574903,-3.945907e-03,-5.116329e-04, 2.522017e-04, 8.913150e-05,-0.041584287,0.005226172,2.212944e-04
"50",502, 2, 7,1750,28,"Donated",0.409736882, 1.3398239, 1.3390579, 1.614295e-02,-1.189839e-03, 9.316521e-04,-1.455990e-04, 0.106568714,0.005931532,2.161797e-03
"557",610,21, 3, 750,38,"Not_Donated",0.045761190,-0.3068899,-0.3064930, 1.178262e-03,-4.188282e-04, 1.920383e-04,-1.992975e-05,-0.023011061,0.005295964,6.417081e-05
"23",734, 4,14,3500,40,"Not_Donated",0.562728536,-1.2974871,-1.2949962,-1.577113e-03, 2.783121e-04,-5.112099e-03, 6.617685e-04,-0.177075337,0.017268203,5.752610e-03
"260",413,11, 3, 750,28,"Not_Donated",0.135838381,-0.5413338,-0.5408853,-1.819148e-03,-3.854242e-04, 4.278903e-04,-3.227463e-05,-0.033387807,0.003587753,1.420077e-04
"333",266, 9, 2, 500,52,"Not_Donated",0.088424282,-0.4318478,-0.4311133,-8.384818e-04, 2.270964e-05, 1.075470e-03,-2.387257e-04,-0.037632383,0.007138364,1.756063e-04
"525",430,11, 7,1750,75,"Not_Donated",0.094311773,-0.4471360,-0.4461746, 2.104516e-03,-5.135259e-05, 9.198717e-04,-2.919289e-04,-0.043927127,0.009054617,2.400479e-04
"376",576,23, 1, 250,23,"Not_Donated",0.038763329,-0.2820349,-0.2816225, 7.441851e-04,-4.332610e-04, 1.149800e-04, 1.587596e-05,-0.022449578,0.005964454,6.085519e-05
"99",308, 4, 5,1250,26,"Donated",0.305385958, 1.5430903, 1.5429731, 1.704430e-02,-7.095763e-04,-2.693716e-04,-1.909736e-05, 0.096673997,0.003683103,2.109859e-03
"519",100,16,15,3750,87,"Not_Donated",0.144021782,-0.5617660,-0.5598997, 9.345385e-03,-6.703668e-04,-2.193668e-04,-2.140010e-04,-0.069919725,0.014450466,6.257926e-04
"415",170, 2, 8,2000,38,"Donated",0.394163557, 1.3688285, 1.3680816, 1.252723e-02,-1.434710e-03, 3.978865e-04, 1.243324e-04, 0.111799890,0.006251244,2.432384e-03
"237",114,14, 2, 500,14,"Not_Donated",0.120359867,-0.5080001,-0.5072744,-1.642332e-03,-6.758322e-04, 4.213260e-05, 1.025767e-04,-0.040970715,0.006119667,2.119221e-04
"565",674,21, 2, 500,33,"Not_Donated",0.043868071,-0.3003183,-0.2999338, 8.979273e-04,-4.078694e-04, 1.971097e-04,-1.293759e-05,-0.022392440,0.005237280,6.070682e-05
"496",342, 2, 2, 500,33,"Not_Donated",0.224375830,-0.7160435,-0.7146755,-9.385554e-03, 8.168540e-04, 1.739705e-03,-3.335486e-04,-0.069613342,0.008862405,6.524518e-04
"233",304, 2, 4,1000,70,"Not_Donated",0.149236257,-0.5747127,-0.5718996,-2.688107e-03, 8.704187e-04, 2.260874e-03,-6.130284e-04,-0.087262562,0.021354014,9.777631e-04
"370",514,23, 6,1500,70,"Not_Donated",0.030198854,-0.2483050,-0.2479808, 1.756248e-03,-2.721834e-04, 2.374735e-04,-6.621151e-05,-0.018628957,0.005302415,4.171952e-05
"366",739,23, 3, 750,41,"Not_Donated",0.035683925,-0.2702818,-0.2699366, 1.223845e-03,-3.696748e-04, 1.673247e-04,-2.002133e-05,-0.020081827,0.005200835,4.861782e-05
"36",403, 2, 5,1250,16,"Donated",0.398934350, 1.3602821, 1.3594571, 2.188965e-02,-1.005668e-03, 9.362604e-04,-3.627824e-04, 0.115291772,0.006728773,2.568979e-03
"432",229, 4, 9,2250,52,"Not_Donated",0.315251533,-0.8732482,-0.8720900,-2.642570e-03, 6.851378e-04, 3.139345e-04,-3.013911e-04,-0.074090531,0.006760173,7.887070e-04
"46",654, 2, 6,1500,22,"Not_Donated",0.404324027,-1.0210164,-1.0199420,-1.436922e-02, 8.305903e-04,-7.063134e-04, 1.917743e-04,-0.082279975,0.006098609,1.047620e-03
"32",459, 4, 6,1500,16,"Donated",0.389246400, 1.3784053, 1.3776156, 1.763946e-02,-2.596160e-04, 1.963110e-03,-5.685258e-04, 0.117436412,0.006797784,2.703170e-03
"399",495, 3,10,2500,33,"Donated",0.472221748, 1.2302979, 1.2289468, 9.074945e-03,-7.004696e-04, 2.608676e-03,-3.566909e-04, 0.117960410,0.008601574,2.445271e-03
"491",243,11, 6,1500,41,"Not_Donated",0.157892880,-0.5872994,-0.5868254, 1.506740e-04,-4.007734e-04, 2.709677e-04,-7.551064e-05,-0.036033492,0.003550043,1.675938e-04
"530",179,13, 7,1750,76,"Not_Donated",0.077434831,-0.4031332,-0.4023466, 2.299628e-03,-1.435143e-04, 7.506855e-04,-2.369292e-04,-0.037516845,0.008133572,1.734819e-04
"487",437,14, 7,1750,35,"Not_Donated",0.157009276,-0.5861742,-0.5853973, 1.564989e-03,-8.050481e-04,-3.456004e-04, 7.748366e-05,-0.046121668,0.005825126,2.744241e-04
"204",620, 4, 3, 750,28,"Not_Donated",0.236512279,-0.7363580,-0.7356325,-8.367626e-03, 4.282309e-04, 1.022910e-03,-1.586892e-04,-0.051595162,0.004622838,3.613474e-04
"391",348, 2,21,5250,52,"Donated",0.778542856, 0.7196471, 0.7144588,-3.014174e-03,-3.107500e-04, 4.191076e-03,-4.948925e-04, 0.137255478,0.033268428,2.531440e-03
"372",388,23, 1, 250,23,"Not_Donated",0.038763329,-0.2820349,-0.2816225, 7.441851e-04,-4.332610e-04, 1.149800e-04, 1.587596e-05,-0.022449578,0.005964454,6.085519e-05
"249",626,11, 9,2250,72,"Donated",0.131225357, 2.0237522, 2.0290209,-1.260735e-02, 5.540417e-04,-2.688826e-03, 1.118361e-03, 0.190883943,0.008275888,1.392715e-02
"133",293, 2, 1, 250, 2,"Donated",0.327908386, 1.5000942, 1.4995483, 3.212554e-02,-9.818217e-04,-4.739565e-04,-4.080750e-04, 0.147236237,0.008994638,4.692968e-03
"540",396,21, 2, 500,21,"Not_Donated",0.056250000,-0.3414440,-0.3408779, 7.716525e-04,-5.670754e-04, 5.783781e-05, 4.130920e-05,-0.029093941,0.006828265,1.031495e-04
"158",609, 4, 6,1500,47,"Not_Donated",0.244822334,-0.7518417,-0.7508116,-4.473732e-03, 6.020991e-04, 1.120056e-03,-3.408024e-04,-0.062417480,0.006477311,5.318401e-04
"58",607, 1, 9,2250,51,"Not_Donated",0.386242467,-0.9932939,-0.9914454,-6.868663e-03, 1.511833e-03, 4.748202e-04,-3.994580e-04,-0.105064551,0.010461928,1.680931e-03
"25",482, 4, 8,2000,21,"Not_Donated",0.437086341,-1.0765701,-1.0751010,-1.105972e-02, 1.868505e-04,-2.336522e-03, 5.084823e-04,-0.102001411,0.008408236,1.659986e-03
"563", 58,21, 1, 250,21,"Not_Donated",0.048646342,-0.3167787,-0.3163092, 5.472328e-04,-4.816826e-04, 1.345898e-04, 2.173675e-05,-0.025455793,0.006077857,7.864914e-05
"337",327,21, 2, 500,25,"Not_Donated",0.051795191,-0.3271525,-0.3266620, 8.269194e-04,-5.086258e-04, 1.130084e-04, 2.028564e-05,-0.026466849,0.006159570,8.516171e-05
"474", 75, 4, 1, 250, 4,"Not_Donated",0.277860906,-0.8097229,-0.8085663,-1.448287e-02, 1.820136e-04, 2.936333e-04, 2.000486e-04,-0.069805966,0.006979661,6.808707e-04
"48",740, 4,19,4750,69,"Donated",0.595363467, 1.0325067, 1.0276706,-9.239882e-03,-5.757077e-04, 4.162424e-03,-1.408623e-04, 0.177327461,0.027112472,4.867061e-03
"295",428,14, 7,1750,72,"Not_Donated",0.076745000,-0.4010597,-0.4003721, 2.364889e-03,-2.151112e-04, 6.407409e-04,-2.033623e-04,-0.034964124,0.007144759,1.506205e-04
"34",446, 2,13,3250,53,"Donated",0.502339607, 1.1810695, 1.1789337, 2.282156e-03,-1.287080e-03, 2.196056e-03, 4.465949e-05, 0.138853357,0.012880481,3.273922e-03
"234",133,14, 5,1250,28,"Not_Donated",0.137699787,-0.5457916,-0.5451218, 1.860215e-04,-7.208073e-04,-1.094570e-04, 7.152722e-05,-0.041029632,0.005320564,2.146872e-04
"566",204,14, 3, 750,79,"Not_Donated",0.037216919,-0.2764563,-0.2759469, 9.342966e-04,-5.923874e-05, 6.493945e-04,-1.653057e-04,-0.024707763,0.007507622,7.365462e-05
"567",361,23, 1, 250,23,"Donated",0.038763329, 2.5572575, 2.5786339,-6.747651e-03, 3.928450e-03,-1.042543e-03,-1.439500e-04, 0.205132387,0.005964454,3.742106e-02
"423",398, 4, 4,1000,16,"Not_Donated",0.319300337,-0.8791738,-0.8783571,-1.220061e-02, 2.706901e-04,-1.801378e-04, 1.776652e-04,-0.062523229,0.004758878,5.634194e-04
"309", 37,18, 2, 500,23,"Not_Donated",0.070901536,-0.3846365,-0.3840956, 3.301672e-04,-5.558956e-04, 1.538726e-04, 2.561558e-05,-0.030298489,0.005840962,1.127474e-04
"317", 15,16, 1, 250,16,"Not_Donated",0.084732476,-0.4220432,-0.4214533,-7.133818e-04,-5.690006e-04, 1.918010e-04, 4.551438e-05,-0.033282658,0.005853682,1.370788e-04
"535",439,14, 1, 250,14,"Not_Donated",0.105054766,-0.4724778,-0.4718542,-1.696133e-03,-5.722879e-04, 2.165241e-04, 6.005378e-05,-0.036435850,0.005598437,1.661508e-04
"96",182, 1, 7,1750,57,"Not_Donated",0.288954011,-0.8318559,-0.8294357,-5.801186e-03, 1.393239e-03, 1.777856e-03,-6.072233e-04,-0.103311488,0.014376023,1.503444e-03
"341",381,11, 3, 750,76,"Not_Donated",0.052306546,-0.3293313,-0.3285842, 6.889307e-04, 1.503117e-05, 8.956196e-04,-2.288183e-04,-0.032823528,0.009318944,1.310168e-04
"257", 21,16, 7,1750,39,"Not_Donated",0.123283535,-0.5146003,-0.5138441, 2.331537e-03,-7.733921e-04,-1.813467e-04, 3.612360e-05,-0.042137683,0.006306968,2.245443e-04
"367",112,14, 3, 750,83,"Not_Donated",0.034214818,-0.2649041,-0.2643970, 9.369646e-04,-4.533955e-05, 6.373477e-04,-1.639467e-04,-0.024116182,0.007787750,7.006104e-05
"97",212, 2,11,2750,79,"Donated",0.296490489, 1.5772276, 1.5767978,-2.178669e-03,-2.676515e-03,-2.998721e-03, 1.511217e-03, 0.247038075,0.022578255,1.401928e-02
"182",709,10, 8,2000,39,"Not_Donated",0.226714017,-0.7185420,-0.7179166, 3.108394e-04,-5.262210e-04,-4.471288e-04, 4.020081e-05,-0.047096611,0.004047821,2.991042e-04
"310",193,23, 5,1250,33,"Not_Donated",0.056477659,-0.3423269,-0.3416763, 1.959150e-03,-6.352805e-04,-6.238596e-05, 3.975063e-05,-0.031244997,0.007826829,1.189804e-04
"244", 72, 9, 1, 250, 9,"Not_Donated",0.175275709,-0.6224251,-0.6217038,-6.105304e-03,-4.079868e-04, 2.725075e-04, 1.142382e-04,-0.046100145,0.005164430,2.772507e-04
